Time,header.seq,header.stamp.secs,header.stamp.nsecs,header.frame_id,Latitude,Longitude,Altitude,UTM_easting,UTM_northing,Zone,Letter
1664734734.6490002,17,71380,0,GPS1_Frame,42.34012633333334,-71.08848583333334,35.8,327957.10485812,4689653.5754603315,19,T
1664734735.6477406,18,71480,0,GPS1_Frame,42.34012766666667,-71.08848549999999,35.4,327957.1359547491,4689653.72284243,19,T
1664734736.647853,19,71580,0,GPS1_Frame,42.34012966666666,-71.08848366666666,34.7,327957.2924400835,4689653.941217703,19,T
1664734737.64807,20,71680,0,GPS1_Frame,42.34013100000001,-71.08848316666668,34.3,327957.33726675605,4689654.088262569,19,T
1664734738.6459932,21,71780,0,GPS1_Frame,42.34013433333333,-71.08847933333332,33.2,327957.66214917524,4689654.450647615,19,T
1664734739.6490593,22,65940,0,GPS1_Frame,42.34013783333333,-71.088475,32.1,327958.028676262,4689654.830528047,19,T
1664734740.6473374,23,66040,0,GPS1_Frame,42.340140500000004,-71.08847250000001,31.3,327958.24189998547,4689655.121582695,19,T
1664734741.6496258,24,66140,0,GPS1_Frame,42.340142,-71.08847166666666,30.7,327958.3146412915,4689655.2864601705,19,T
1664734742.6461391,25,66240,0,GPS1_Frame,42.340144333333335,-71.08846933333332,29.9,327958.5132258191,4689655.5408379175,19,T
1664734743.645498,26,66340,0,GPS1_Frame,42.34014633333333,-71.08846733333333,29.2,327958.68344111793,4689655.758875991,19,T
1664734744.6469514,27,66440,0,GPS1_Frame,42.34014650000001,-71.08846833333334,29.0,327958.601515407,4689655.779406453,19,T
1664734745.6480474,28,66540,0,GPS1_Frame,42.340148500000005,-71.08846650000001,28.4,327958.75800065324,4689655.997781758,19,T
1664734746.6458437,29,66640,0,GPS1_Frame,42.34014883333332,-71.0884675,28.1,327958.6765295117,4689656.036819284,19,T
1664734747.6464481,30,66740,0,GPS1_Frame,42.340150166666675,-71.08846666666666,27.7,327958.74881623295,4689656.1831896985,19,T
1664734748.6446946,31,66840,0,GPS1_Frame,42.34015066666666,-71.0884675,27.4,327958.6815297003,4689656.240397065,19,T
1664734749.648164,32,66940,0,GPS1_Frame,42.34015216666667,-71.08846666666666,26.9,327958.7542709821,4689656.405274548,19,T
1664734750.6469114,33,67040,0,GPS1_Frame,42.34015266666667,-71.08846733333333,26.7,327958.70071449527,4689656.462144685,19,T
1664734751.6468892,34,67140,0,GPS1_Frame,42.34015266666667,-71.0884685,26.6,327958.60460418626,4689656.464505305,19,T
1664734752.6472719,35,67240,0,GPS1_Frame,42.340152999999994,-71.08846866666666,26.3,327958.5917832685,4689656.501856678,19,T
1664734753.6477976,36,67340,0,GPS1_Frame,42.340154166666665,-71.08846783333334,25.9,327958.66361542477,4689656.629720018,19,T
1664734754.6412864,37,67440,0,GPS1_Frame,42.340154166666665,-71.08846866666666,25.8,327958.59496520873,4689656.631406175,19,T
1664734755.6453717,38,67540,0,GPS1_Frame,42.34015433333334,-71.08846916666667,25.6,327958.5542296421,4689656.6509249415,19,T
1664734756.6469467,39,67640,0,GPS1_Frame,42.340156166666674,-71.08846650000001,25.0,327958.77891052386,4689656.84910702,19,T
1664734757.6474512,40,67740,0,GPS1_Frame,42.34015733333334,-71.08846483333333,24.6,327958.9193928904,4689656.975284205,19,T
1664734758.6423607,41,67840,0,GPS1_Frame,42.340158833333334,-71.0884625,24.1,327959.11570454214,4689657.137126611,19,T
1664734759.646663,42,67940,0,GPS1_Frame,42.34016283333334,-71.088456,23.0,327959.6620856448,4689657.568144343,19,T
1664734760.6456776,43,68040,0,GPS1_Frame,42.340167666666666,-71.0884485,21.6,327960.2931197159,4689658.089674097,19,T
1664734761.6469603,44,68140,0,GPS1_Frame,42.34015250000001,-71.08847383333334,26.1,327958.1647882204,4689656.4567896575,19,T
1664734762.6490538,45,68240,0,GPS1_Frame,42.340139,-71.08849633333332,30.0,327956.27441221883,4689655.003243532,19,T
1664734763.648258,46,68340,0,GPS1_Frame,42.34012833333333,-71.0885135,33.1,327954.83112475375,4689653.853526445,19,T
1664734764.6471152,47,68440,0,GPS1_Frame,42.3401205,-71.08852633333332,35.4,327953.75254593417,4689653.009661579,19,T
1664734765.6482565,48,68540,0,GPS1_Frame,42.34011416666667,-71.08853649999999,37.3,327952.8977388892,4689652.326964628,19,T
1664734766.6491375,49,68640,0,GPS1_Frame,42.340109500000004,-71.088544,38.7,327952.26715832483,4689651.823942581,19,T
1664734767.6491444,50,68740,0,GPS1_Frame,42.340106,-71.08854966666667,39.8,327951.7907903311,4689651.446760393,19,T
1664734768.6486197,51,68840,0,GPS1_Frame,42.34010333333334,-71.08855383333334,40.6,327951.44026568206,4689651.159078385,19,T
1664734769.6501465,52,68940,0,GPS1_Frame,42.340100666666665,-71.08855783333334,41.4,327951.1034710591,4689650.871059144,19,T
1664734770.647101,53,69040,0,GPS1_Frame,42.340098166666664,-71.08856116666666,42.2,327950.82205121743,4689650.600198003,19,T
1664734771.6472034,54,69140,0,GPS1_Frame,42.340095999999996,-71.08856416666666,42.8,327950.56900063273,4689650.365676523,19,T
1664734772.6431727,55,69240,0,GPS1_Frame,42.340093499999995,-71.0885675,43.5,327950.28758074634,4689650.094815403,19,T
1664734773.6472135,56,69340,0,GPS1_Frame,42.34009233333333,-71.08856883333333,43.9,327950.17455820495,4689649.967963889,19,T
1664734774.6468704,57,69440,0,GPS1_Frame,42.340090333333336,-71.0885715,44.5,327949.9494222734,4689649.751275007,19,T
1664734775.6479468,58,69540,0,GPS1_Frame,42.340088833333326,-71.08857316666666,44.9,327949.8080304333,4689649.588083849,19,T
1664734776.6451747,59,69640,0,GPS1_Frame,42.340089500000005,-71.08857133333332,44.7,327949.9608794092,4689649.658402404,19,T
1664734777.6467943,60,69740,0,GPS1_Frame,42.34009016666667,-71.08856966666667,44.5,327950.09999832045,4689649.729058208,19,T
1664734778.6434913,61,69840,0,GPS1_Frame,42.340091,-71.08856766666666,44.2,327950.2670319311,4689649.817546591,19,T
1664734779.6494915,62,69940,0,GPS1_Frame,42.340092000000006,-71.08856533333332,44.0,327950.4619802367,4689649.9238675535,19,T
1664734780.6475027,63,70040,0,GPS1_Frame,42.340092999999996,-71.08856283333333,43.7,327950.6706585885,4689650.029851274,19,T
1664734781.6471736,64,70140,0,GPS1_Frame,42.340094,-71.08856016666667,43.3,327950.89306699246,4689650.135497755,19,T
1664734782.6455905,65,70240,0,GPS1_Frame,42.340094833333325,-71.08855783333334,43.0,327951.08756069513,4689650.223311664,19,T
1664734783.6447785,66,70340,0,GPS1_Frame,42.34009583333333,-71.08855516666667,42.7,327951.3099690883,4689650.328958157,19,T
1664734784.6455781,67,70440,0,GPS1_Frame,42.340096666666675,-71.08855266666666,42.4,327951.518192838,4689650.416434835,19,T
1664734785.648774,68,70540,0,GPS1_Frame,42.340097833333324,-71.08855016666666,42.0,327951.7273257404,4689650.540925655,19,T
1664734786.6444287,69,70640,0,GPS1_Frame,42.3400985,-71.08854783333332,41.7,327951.921364841,4689650.610232517,19,T
1664734787.648267,70,70740,0,GPS1_Frame,42.340099499999994,-71.0885455,41.4,327952.1163130958,4689650.716553524,19,T
1664734788.648043,71,70840,0,GPS1_Frame,42.34010016666666,-71.08854366666667,41.1,327952.26916201797,4689650.786872125,19,T
1664734789.6468585,72,70940,0,GPS1_Frame,42.340101000000004,-71.08854166666667,40.8,327952.43619557424,4689650.87536056,19,T
1664734790.6442723,73,71040,0,GPS1_Frame,42.340101999999995,-71.08853916666666,40.5,327952.6448738681,4689650.981344338,19,T
1664734791.6480923,74,71140,0,GPS1_Frame,42.340102666666674,-71.08853733333333,40.2,327952.797722783,4689651.051662952,19,T
1664734792.6475985,75,71240,0,GPS1_Frame,42.34010333333334,-71.08853583333332,40.0,327952.9231115859,4689651.122656053,19,T
1664734793.6470513,76,71340,0,GPS1_Frame,42.34010416666667,-71.088534,39.7,327953.0764150693,4689651.211481742,19,T
1664734794.6447947,77,71440,0,GPS1_Frame,42.340104833333335,-71.0885325,39.5,327953.20180386433,4689651.2824748475,19,T
1664734795.647078,78,71540,0,GPS1_Frame,42.3401055,-71.08853116666667,39.2,327953.31346260285,4689651.353805198,19,T
1664734796.64488,79,71640,0,GPS1_Frame,42.34010583333334,-71.08853033333334,39.0,327953.3830220261,4689651.389133131,19,T
1664734797.6463654,80,71740,0,GPS1_Frame,42.340106500000005,-71.08852900000001,38.8,327953.494680759,4689651.460463486,19,T
1664734798.644227,81,71840,0,GPS1_Frame,42.340107,-71.08852783333333,38.6,327953.5921548648,4689651.513624008,19,T
1664734799.6458778,82,66000,0,GPS1_Frame,42.340107833333334,-71.0885265,38.4,327953.70426817064,4689651.603461435,19,T
1664734800.6446204,83,66100,0,GPS1_Frame,42.34010833333333,-71.08852533333334,38.2,327953.8017422707,4689651.656621962,19,T
1664734801.6438384,84,66200,0,GPS1_Frame,42.34010883333334,-71.08852433333332,38.0,327953.8854863183,4689651.710119732,19,T
1664734802.646314,85,66300,0,GPS1_Frame,42.34010933333334,-71.08852350000001,37.8,327953.9555003074,4689651.763954742,19,T
1664734803.6475794,86,66400,0,GPS1_Frame,42.34010966666666,-71.08852266666666,37.7,327954.025059721,4689651.799282681,19,T
1664734804.6443224,87,66500,0,GPS1_Frame,42.34011,-71.08852166666667,37.5,327954.108349191,4689651.834273382,19,T
1664734805.649845,88,66600,0,GPS1_Frame,42.34011033333333,-71.08852116666667,37.5,327954.1504484976,4689651.870275803,19,T
1664734806.646875,89,66700,0,GPS1_Frame,42.34011033333333,-71.088521,37.4,327954.1641785504,4689651.869938563,19,T
1664734807.6467147,90,66800,0,GPS1_Frame,42.34011033333333,-71.08852083333333,37.4,327954.1779086032,4689651.869601323,19,T
1664734808.6476743,91,66900,0,GPS1_Frame,42.34011033333333,-71.08852066666667,37.4,327954.1916386561,4689651.869264083,19,T
1664734809.6462066,92,67000,0,GPS1_Frame,42.34011066666667,-71.08852016666667,37.3,327954.233737962,4689651.905266506,19,T
1664734810.6456828,93,67100,0,GPS1_Frame,42.34011099999999,-71.08851983333334,37.3,327954.26210721466,4689651.941606169,19,T
1664734811.6467578,94,67200,0,GPS1_Frame,42.3401115,-71.08851883333334,37.1,327954.34585125523,4689651.995103943,19,T
1664734812.6483824,95,67300,0,GPS1_Frame,42.340112,-71.08851800000001,37.0,327954.4158652378,4689652.048938957,19,T
1664734813.6481826,96,67400,0,GPS1_Frame,42.34011266666666,-71.08851716666666,36.8,327954.48633379454,4689652.121281043,19,T
1664734814.6442554,97,67500,0,GPS1_Frame,42.34011316666667,-71.0885165,36.7,327954.5426177247,4689652.175453299,19,T
1664734815.6467516,98,67600,0,GPS1_Frame,42.3401145,-71.088515,36.3,327954.6698247775,4689652.320474713,19,T
1664734816.644431,99,67700,0,GPS1_Frame,42.34011566666666,-71.08851383333334,36.0,327954.76911714964,4689652.447663536,19,T
1664734817.6471014,100,67800,0,GPS1_Frame,42.34011716666667,-71.08851216666667,35.6,327954.9105088165,4689652.610854789,19,T
1664734818.645243,101,67900,0,GPS1_Frame,42.3401185,-71.08851066666666,35.2,327955.03771585424,4689652.75587621,19,T
1664734819.6470118,102,68000,0,GPS1_Frame,42.34011999999999,-71.08850916666667,34.7,327955.1653774603,4689652.919404702,19,T
1664734820.6445637,103,68100,0,GPS1_Frame,42.34012116666666,-71.08850766666666,34.3,327955.2921299184,4689653.045919057,19,T
1664734821.6478243,104,68200,0,GPS1_Frame,42.34012283333333,-71.08850566666666,33.7,327955.46143623255,4689653.226942914,19,T
1664734822.6472027,105,68300,0,GPS1_Frame,42.34012416666666,-71.08850333333334,33.3,327955.6572934971,4689653.370278158,19,T
1664734823.6442735,106,68400,0,GPS1_Frame,42.34012583333333,-71.08850133333334,32.8,327955.8265997962,4689653.551302022,19,T
1664734824.6510713,107,68500,0,GPS1_Frame,42.34012299999999,-71.088503,33.8,327955.68157160794,4689653.240054186,19,T
1664734825.6509676,108,68600,0,GPS1_Frame,42.34012166666666,-71.08850349999999,34.2,327955.63674489624,4689653.093009332,19,T
1664734826.651179,109,68700,0,GPS1_Frame,42.34012216666667,-71.08850233333332,34.1,327955.7342189604,4689653.146169887,19,T
1664734827.6481884,110,68800,0,GPS1_Frame,42.34012316666667,-71.08850133333334,33.8,327955.8193266802,4689653.25518889,19,T
1664734828.64781,111,68900,0,GPS1_Frame,42.34012416666666,-71.0884995,33.5,327955.97308465035,4689653.362521712,19,T
1664734829.649455,112,69000,0,GPS1_Frame,42.340123666666656,-71.08850016666666,33.5,327955.91680074274,4689653.308349444,19,T
1664734830.6486032,113,69100,0,GPS1_Frame,42.34010983333333,-71.08852233333333,37.8,327954.05297440325,4689651.817115272,19,T
1664734831.649378,114,69200,0,GPS1_Frame,42.340109166666664,-71.08852316666666,38.1,327953.9825058391,4689651.7447731905,19,T
1664734832.64933,115,69300,0,GPS1_Frame,42.34010416666667,-71.08853133333334,39.6,327953.29609594005,4689651.206085873,19,T
1664734833.6517558,116,69400,0,GPS1_Frame,42.340098166666664,-71.08854133333332,41.4,327952.4559278559,4689650.560065866,19,T
1664734834.6477194,117,69500,0,GPS1_Frame,42.340090499999995,-71.08855433333333,43.8,327951.3640727777,4689649.735045664,19,T
1664734835.6519496,118,69600,0,GPS1_Frame,42.34008300000001,-71.08856733333333,46.2,327950.2726720249,4689648.928532696,19,T
1664734836.6522968,119,69700,0,GPS1_Frame,42.34007533333333,-71.08858083333332,48.6,327949.1396262513,4689648.104524567,19,T
1664734837.6539674,120,69800,0,GPS1_Frame,42.34006833333333,-71.08859283333332,50.8,327948.1319691276,4689647.3515096335,19,T
1664734838.650165,121,69900,0,GPS1_Frame,42.340061500000004,-71.088605,52.9,327947.1110363124,4689646.617339166,19,T
1664734839.6528678,122,70000,0,GPS1_Frame,42.340057166666675,-71.088613,54.3,327946.4401738175,4689646.152343523,19,T
1664734840.652226,123,70100,0,GPS1_Frame,42.34005216666666,-71.08862166666667,55.8,327945.7125725874,4689645.614668682,19,T
1664734841.648816,124,70200,0,GPS1_Frame,42.34004733333333,-71.08863016666666,57.2,327944.999155913,4689645.09516373,19,T
1664734842.6523283,125,70300,0,GPS1_Frame,42.340041500000005,-71.08864050000001,58.9,327944.1319807831,4689644.468326272,19,T
1664734843.6516242,126,70400,0,GPS1_Frame,42.34003616666667,-71.08865083333333,60.5,327943.26616930566,4689643.89701013,19,T
1664734844.648603,127,70500,0,GPS1_Frame,42.34003083333334,-71.08866066666666,61.9,327942.44154789584,4689643.324682303,19,T
1664734845.6518986,128,70600,0,GPS1_Frame,42.340026,-71.08866966666666,63.2,327941.6869405237,4689642.806189462,19,T
1664734846.6516953,129,70700,0,GPS1_Frame,42.34002183333334,-71.08867749999999,64.3,327941.03026197833,4689642.359364127,19,T
1664734847.6520526,130,70800,0,GPS1_Frame,42.34001733333333,-71.08868600000001,65.5,327940.31775383337,4689641.876873773,19,T
1664734848.6497421,131,70900,0,GPS1_Frame,42.34001249999999,-71.08869466666667,66.7,327939.59060629527,4689641.357706617,19,T
1664734849.65182,132,71000,0,GPS1_Frame,42.34000716666666,-71.08870333333333,68.1,327938.86209481023,4689640.78301832,19,T
1664734850.6529543,133,71100,0,GPS1_Frame,42.3400015,-71.08871266666667,69.6,327938.07775366766,4689640.172665039,19,T
1664734851.6517467,134,71200,0,GPS1_Frame,42.339997499999996,-71.08871916666666,70.6,327937.53136987775,4689639.741648924,19,T
1664734852.646511,135,71300,0,GPS1_Frame,42.33999416666667,-71.088724,71.5,327937.1241052775,4689639.3812884055,19,T
1664734853.6518643,136,71400,0,GPS1_Frame,42.33999116666667,-71.088729,72.4,327936.70401979284,4689639.058279324,19,T
1664734854.6540637,137,71500,0,GPS1_Frame,42.33998683333333,-71.08873583333335,73.5,327936.1292664324,4689638.590923718,19,T
1664734855.6550753,138,71600,0,GPS1_Frame,42.339984,-71.08874066666667,74.3,327935.72336555563,4689638.286084491,19,T
1664734856.6516767,139,71700,0,GPS1_Frame,42.339981,-71.08874466666666,75.2,327935.38566043164,4689637.961051832,19,T
1664734857.6540005,140,71800,0,GPS1_Frame,42.33997899999999,-71.0887475,75.8,327935.1467935779,4689637.744700679,19,T
1664734858.6525865,141,71900,0,GPS1_Frame,42.3399765,-71.08875083333334,76.6,327934.8653725992,4689637.473840152,19,T
1664734859.6554744,142,66060,0,GPS1_Frame,42.33997366666667,-71.08875466666667,77.5,327934.54185209936,4689637.166977328,19,T
1664734860.6523855,143,66160,0,GPS1_Frame,42.33997083333334,-71.0887585,78.3,327934.2183315756,4689636.860114518,19,T
1664734861.6558578,144,66260,0,GPS1_Frame,42.33996966666667,-71.08876000000001,78.7,327934.0915784476,4689636.733600528,19,T
1664734862.6521544,145,66360,0,GPS1_Frame,42.339969,-71.08876033333333,78.9,327934.062299781,4689636.660246801,19,T
1664734863.6514676,146,66460,0,GPS1_Frame,42.33996833333334,-71.08876133333334,79.2,327933.9781007739,4689636.58824219,19,T
1664734864.652493,147,66560,0,GPS1_Frame,42.33996783333334,-71.08876183333334,79.5,327933.9355466467,4689636.533732814,19,T
1664734865.654726,148,66660,0,GPS1_Frame,42.339968,-71.088762,79.6,327933.92227118777,4689636.552577162,19,T
1664734866.6536474,149,66760,0,GPS1_Frame,42.339968,-71.08876083333332,79.7,327934.01838178013,4689636.550216212,19,T
1664734867.6552117,150,66860,0,GPS1_Frame,42.339970166666674,-71.08875666666667,79.3,327934.36754399695,4689636.782376177,19,T
1664734868.6520953,151,66960,0,GPS1_Frame,42.339972,-71.08875283333333,78.9,327934.6883367819,4689636.978196571,19,T
1664734869.6524942,152,67060,0,GPS1_Frame,42.33997216666667,-71.08875200000001,78.8,327934.7574418207,4689636.995017255,19,T
1664734870.648293,153,67160,0,GPS1_Frame,42.33997216666667,-71.0887515,78.8,327934.79863207205,4689636.994005424,19,T
1664734871.6534538,154,67260,0,GPS1_Frame,42.339973166666674,-71.08874983333334,78.6,327934.9386606406,4689637.101675078,19,T
1664734872.6527152,155,67360,0,GPS1_Frame,42.3399735,-71.08874866666666,78.5,327935.0356804695,4689637.136328281,19,T
1664734873.6542137,156,67460,0,GPS1_Frame,42.339974166666664,-71.08874733333333,78.3,327935.14733962214,4689637.207658351,19,T
1664734874.6512287,157,67560,0,GPS1_Frame,42.339974166666664,-71.08874683333333,78.3,327935.1885298702,4689637.206646522,19,T
1664734875.6536005,158,67660,0,GPS1_Frame,42.33997533333333,-71.08874516666667,78.0,327935.32901304984,4689637.332823255,19,T
1664734876.6542761,159,67760,0,GPS1_Frame,42.33997633333333,-71.08874333333333,77.9,327935.48277168756,4689637.440155645,19,T
1664734877.656249,160,67860,0,GPS1_Frame,42.339977,-71.08874166666666,77.8,327935.6218909968,4689637.5108111715,19,T
1664734878.6523552,161,67960,0,GPS1_Frame,42.339977,-71.088741,77.9,327935.676811325,4689637.50946207,19,T
1664734879.6539614,162,68060,0,GPS1_Frame,42.339977166666664,-71.08874033333333,77.9,327935.7321862738,4689637.52662004,19,T
1664734880.6533225,163,68160,0,GPS1_Frame,42.339977166666664,-71.08873983333334,77.9,327935.7733765218,4689637.525608215,19,T
1664734881.649684,164,68260,0,GPS1_Frame,42.33997766666666,-71.088739,77.8,327935.84339079465,4689637.57944305,19,T
1664734882.6535923,165,68360,0,GPS1_Frame,42.33997833333333,-71.08873716666668,77.6,327935.99624017696,4689637.649761308,19,T
1664734883.6539495,166,68460,0,GPS1_Frame,42.33997933333333,-71.08873483333333,77.3,327936.1911890417,4689637.756081889,19,T
1664734884.6527627,167,68560,0,GPS1_Frame,42.33998066666666,-71.088732,76.9,327936.42823738384,4689637.898404794,19,T
1664734885.6536083,168,68660,0,GPS1_Frame,42.33998233333333,-71.08872833333334,76.4,327936.7348453547,4689638.076055481,19,T
1664734886.6545472,169,68760,0,GPS1_Frame,42.339984,-71.08872483333333,75.8,327937.02772323333,4689638.254043455,19,T
1664734887.6528819,170,68860,0,GPS1_Frame,42.33998533333333,-71.08872166666667,75.4,327937.2922316992,4689638.395691842,19,T
1664734888.653637,171,68960,0,GPS1_Frame,42.33998666666666,-71.0887185,75.0,327937.5567401563,4689638.53734024,19,T
1664734889.6550102,172,69060,0,GPS1_Frame,42.33998833333333,-71.08871516666666,74.4,327937.8358879123,4689638.715665517,19,T
1664734890.6533387,173,69160,0,GPS1_Frame,42.3399895,-71.0887125,74.0,327938.05875149125,4689638.839818677,19,T
1664734891.6532874,174,69260,0,GPS1_Frame,42.33999066666667,-71.08870983333333,73.6,327938.28161506215,4689638.963971843,19,T
1664734892.6488922,175,69360,0,GPS1_Frame,42.339991833333336,-71.08870733333333,73.2,327938.4907485461,4689639.088462285,19,T
1664734893.6541784,176,69460,0,GPS1_Frame,42.339992833333326,-71.08870516666666,72.8,327938.67196725245,4689639.195120202,19,T
1664734894.6542282,177,69560,0,GPS1_Frame,42.33999366666667,-71.08870333333333,72.5,327938.82527118386,4689639.283945592,19,T
1664734895.6551957,178,69660,0,GPS1_Frame,42.33999433333334,-71.08870183333333,72.3,327938.95066034055,4689639.354938453,19,T
1664734896.6556392,179,69760,0,GPS1_Frame,42.339995,-71.08870033333332,72.0,327939.07604949665,4689639.425931315,19,T
1664734897.6554294,180,69860,0,GPS1_Frame,42.339995833333326,-71.08869899999999,71.6,327939.1881631819,4689639.515768518,19,T
1664734898.6518188,181,69960,0,GPS1_Frame,42.339997,-71.088697,71.2,327939.3561063997,4689639.641270792,19,T
1664734899.6514244,182,70060,0,GPS1_Frame,42.33999816666666,-71.088695,70.8,327939.5240496094,4689639.766773068,19,T
1664734900.6530685,183,70160,0,GPS1_Frame,42.339999166666665,-71.08869283333334,70.4,327939.70526827977,4689639.873431013,19,T
1664734901.6556723,184,70260,0,GPS1_Frame,42.339999999999996,-71.08869083333335,70.0,327939.8723022597,4689639.961919156,19,T
1664734902.6561892,185,70360,0,GPS1_Frame,42.340001,-71.08868933333333,69.7,327939.99860061455,4689640.069926176,19,T
1664734903.6525269,186,70460,0,GPS1_Frame,42.340001666666666,-71.088688,69.4,327940.11025966605,4689640.141256325,19,T
1664734904.6522055,187,70560,0,GPS1_Frame,42.340002500000004,-71.08868616666668,69.1,327940.2635635578,4689640.230081744,19,T
1664734905.6579976,188,70660,0,GPS1_Frame,42.340002500000004,-71.08868516666666,69.0,327940.34594402066,4689640.228058145,19,T
1664734906.655225,189,70760,0,GPS1_Frame,42.340002999999996,-71.08868366666667,68.8,327940.4708785338,4689640.280543961,19,T
1664734907.6543016,190,70860,0,GPS1_Frame,42.340003333333335,-71.0886825,68.7,327940.5678982886,4689640.315197241,19,T
1664734908.653418,191,70960,0,GPS1_Frame,42.340003666666675,-71.08868149999999,68.6,327940.6511879621,4689640.350187787,19,T
1664734909.6583152,192,71060,0,GPS1_Frame,42.340003833333334,-71.0886805,68.5,327940.734023031,4689640.366671263,19,T
1664734910.6507833,193,71160,0,GPS1_Frame,42.340003833333334,-71.08867966666666,68.5,327940.8026734118,4689640.364984935,19,T
1664734911.656405,194,71260,0,GPS1_Frame,42.340003666666675,-71.08867933333333,68.6,327940.82967895665,4689640.345803333,19,T
1664734912.653064,195,71360,0,GPS1_Frame,42.340003333333335,-71.08867916666667,68.8,327940.8424998179,4689640.308451926,19,T
1664734913.6557152,196,71460,0,GPS1_Frame,42.34000266666667,-71.08867883333333,69.0,327940.868141541,4689640.233749113,19,T
1664734914.6548338,197,71560,0,GPS1_Frame,42.34000233333333,-71.08867833333333,69.2,327940.90842255775,4689640.195723175,19,T
1664734915.6545618,198,71660,0,GPS1_Frame,42.340001833333325,-71.08867766666667,69.3,327940.9619790445,4689640.138852901,19,T
1664734916.6528237,199,71760,0,GPS1_Frame,42.340001666666666,-71.08867683333332,69.4,327941.03017482045,4689640.118659507,19,T
1664734917.6562839,200,71860,0,GPS1_Frame,42.34000133333334,-71.088676,69.6,327941.0979159901,4689640.079959041,19,T
1664734918.6534522,201,71960,0,GPS1_Frame,42.340000666666675,-71.0886755,69.8,327941.1372877979,4689640.004918964,19,T
1664734919.6575067,202,66120,0,GPS1_Frame,42.34000016666667,-71.088675,70.0,327941.17711420887,4689639.948385957,19,T
1664734920.6536784,203,66220,0,GPS1_Frame,42.33999983333333,-71.0886745,70.1,327941.21739522694,4689639.9103600215,19,T
1664734921.650551,204,66320,0,GPS1_Frame,42.339999500000005,-71.08867400000001,70.2,327941.2576762454,4689639.8723340845,19,T
1664734922.6534293,205,66420,0,GPS1_Frame,42.33999933333333,-71.0886735,70.2,327941.2984118726,4689639.852815221,19,T
1664734923.6561763,206,66520,0,GPS1_Frame,42.339998833333325,-71.08867316666667,70.4,327941.32450821064,4689639.796619479,19,T
1664734924.6531572,207,66620,0,GPS1_Frame,42.3399985,-71.08867233333334,70.5,327941.392249385,4689639.757919016,19,T
1664734925.6546724,208,66720,0,GPS1_Frame,42.3399985,-71.088671,70.4,327941.50209000544,4689639.755220902,19,T
1664734926.6540306,209,66820,0,GPS1_Frame,42.33999816666666,-71.08866983333334,70.4,327941.597291338,4689639.715845913,19,T
1664734927.6551797,210,66920,0,GPS1_Frame,42.3399985,-71.08866816666666,70.3,327941.7355013258,4689639.749487418,19,T
1664734928.6512792,211,67020,0,GPS1_Frame,42.339998666666666,-71.08866633333334,70.2,327941.8869867828,4689639.76428459,19,T
1664734929.6541708,212,67120,0,GPS1_Frame,42.339998666666666,-71.08866516666667,70.1,327941.9830973257,4689639.761923747,19,T
1664734930.652348,213,67220,0,GPS1_Frame,42.339998666666666,-71.08866366666666,69.9,327942.10666802526,4689639.75888838,19,T
1664734931.6557941,214,67320,0,GPS1_Frame,42.339999000000006,-71.08866216666667,69.8,327942.23114792793,4689639.792867159,19,T
1664734932.6517353,215,67420,0,GPS1_Frame,42.339998833333325,-71.08866116666667,69.7,327942.3130737917,4689639.772336509,19,T
1664734933.6548257,216,67520,0,GPS1_Frame,42.3399985,-71.08866016666666,69.8,327942.3945450485,4689639.733298793,19,T
1664734934.6537535,217,67620,0,GPS1_Frame,42.3399985,-71.08865916666667,69.8,327942.47692551435,4689639.73127522,19,T
1664734935.6538649,218,67720,0,GPS1_Frame,42.339998833333325,-71.08865766666666,69.7,327942.60140541743,4689639.765254003,19,T
1664734936.6526694,219,67820,0,GPS1_Frame,42.339999166666665,-71.08865616666667,69.7,327942.7258853214,4689639.799232788,19,T
1664734937.6530395,220,67920,0,GPS1_Frame,42.339999500000005,-71.08865516666667,69.7,327942.80917498854,4689639.83422336,19,T
1664734938.6521041,221,68020,0,GPS1_Frame,42.33999983333333,-71.08865399999999,69.5,327942.906194736,4689639.868876672,19,T
1664734939.6508274,222,68120,0,GPS1_Frame,42.339999999999996,-71.08865333333333,69.6,327942.9615696458,4689639.886034696,19,T
1664734940.6530993,223,68220,0,GPS1_Frame,42.34000016666667,-71.08865300000001,69.5,327942.9894844014,4689639.903867247,19,T
1664734941.6552627,224,68320,0,GPS1_Frame,42.340000333333336,-71.08865266666666,69.5,327943.017399159,4689639.921699794,19,T
1664734942.6549146,225,68420,0,GPS1_Frame,42.340000499999995,-71.08865250000001,69.5,327943.03158383537,4689639.939869602,19,T
1664734943.655069,226,68520,0,GPS1_Frame,42.340000666666675,-71.08865233333333,69.6,327943.0457685159,4689639.958039414,19,T
1664734944.6551142,227,68620,0,GPS1_Frame,42.340000333333336,-71.08865283333333,69.6,327943.00366908,4689639.922037056,19,T
1664734945.6550384,228,68720,0,GPS1_Frame,42.34000016666667,-71.08865333333333,69.8,327942.9620242476,4689639.90454177,19,T
1664734946.6554496,229,68820,0,GPS1_Frame,42.33999966666667,-71.08865416666666,69.9,327942.8920100571,4689639.850706863,19,T
1664734947.6552289,230,68920,0,GPS1_Frame,42.339999166666665,-71.08865483333334,70.2,327942.83572593855,4689639.796534697,19,T
1664734948.655663,231,69020,0,GPS1_Frame,42.339998666666666,-71.08865583333333,70.4,327942.75198166876,4689639.743037053,19,T
1664734949.6553228,232,69120,0,GPS1_Frame,42.339998833333325,-71.0886565,70.4,327942.6975159622,4689639.762893169,19,T
1664734950.6507928,233,69220,0,GPS1_Frame,42.3399985,-71.0886575,70.6,327942.6142262893,4689639.727902601,19,T
1664734951.6549544,234,69320,0,GPS1_Frame,42.33999833333334,-71.088658,70.8,327942.57258145476,4689639.710407317,19,T
1664734952.6525073,235,69420,0,GPS1_Frame,42.339998,-71.08865883333333,71.0,327942.5030218621,4689639.675079485,19,T
1664734953.6551213,236,69520,0,GPS1_Frame,42.339998,-71.08865949999999,71.2,327942.44810155046,4689639.676428535,19,T
1664734954.6542947,237,69620,0,GPS1_Frame,42.339998,-71.08865999999999,71.3,327942.4069113183,4689639.677440321,19,T
1664734955.6541529,238,69720,0,GPS1_Frame,42.33999816666666,-71.08866033333334,71.4,327942.3799057647,4689639.696621914,19,T
1664734956.6551082,239,69820,0,GPS1_Frame,42.33999833333334,-71.08866083333334,71.5,327942.33917013597,4689639.716140775,19,T
1664734957.6566691,240,69920,0,GPS1_Frame,42.3399985,-71.088661,71.6,327942.32589466206,4689639.734985106,19,T
1664734958.6524549,241,70020,0,GPS1_Frame,42.339998666666666,-71.088661,71.6,327942.3263492655,4689639.753492177,19,T
1664734959.653847,242,70120,0,GPS1_Frame,42.339998833333325,-71.08866133333332,71.6,327942.2993437145,4689639.772673772,19,T
1664734960.6525555,243,70220,0,GPS1_Frame,42.339999000000006,-71.08866116666667,71.7,327942.31352839514,4689639.790843583,19,T
1664734961.6507378,244,70320,0,GPS1_Frame,42.339999166666665,-71.08866083333334,71.7,327942.341443153,4689639.808676126,19,T
1664734962.6554945,245,70420,0,GPS1_Frame,42.33999933333333,-71.08866066666666,71.7,327942.3556278335,4689639.826845936,19,T
1664734963.6541433,246,70520,0,GPS1_Frame,42.33999933333333,-71.08866016666666,71.8,327942.39681806474,4689639.825834149,19,T
1664734964.652163,247,70620,0,GPS1_Frame,42.33999966666667,-71.08865966666667,71.8,327942.43891750247,4689639.861836502,19,T
1664734965.6535668,248,70720,0,GPS1_Frame,42.33999966666667,-71.08865916666667,71.9,327942.48010773567,4689639.860824715,19,T
1664734966.6530445,249,70820,0,GPS1_Frame,42.33999983333333,-71.08865866666666,71.9,327942.52175257175,4689639.87832,19,T
1664734967.6563268,250,70920,0,GPS1_Frame,42.339999999999996,-71.08865816666666,71.9,327942.56339740555,4689639.895815284,19,T
1664734968.6503294,251,71020,0,GPS1_Frame,42.33999983333333,-71.08865766666666,72.1,327942.6041330337,4689639.876296429,19,T
1664734969.6541154,252,71120,0,GPS1_Frame,42.33999966666667,-71.08865716666666,72.3,327942.64486866427,4689639.856777571,19,T
1664734970.652209,253,71220,0,GPS1_Frame,42.33999966666667,-71.08865633333333,72.4,327942.71351905155,4689639.855091263,19,T
1664734971.653621,254,71320,0,GPS1_Frame,42.33999983333333,-71.08865533333332,72.5,327942.79635411804,4689639.871574763,19,T
1664734972.6515446,255,71420,0,GPS1_Frame,42.339999500000005,-71.08865466666666,72.7,327942.85036522395,4689639.833211576,19,T
1664734973.6550603,256,71520,0,GPS1_Frame,42.339999500000005,-71.08865383333334,72.8,327942.9190156093,4689639.831525268,19,T
1664734974.6547568,257,71620,0,GPS1_Frame,42.339999166666665,-71.08865316666667,73.0,327942.9730267141,4689639.793162082,19,T
1664734975.655092,258,71720,0,GPS1_Frame,42.339999166666665,-71.08865183333334,73.1,327943.0828673333,4689639.790463993,19,T
1664734976.6524107,259,71820,0,GPS1_Frame,42.339998666666666,-71.08865083333333,73.4,327943.16388399457,4689639.732919216,19,T
1664734977.6538587,260,71920,0,GPS1_Frame,42.3399985,-71.08864916666667,73.6,327943.30073017033,4689639.711039538,19,T
1664734978.6541584,261,72020,0,GPS1_Frame,42.339998,-71.08864783333334,73.8,327943.4092069869,4689639.652820244,19,T
1664734979.6522393,262,66180,0,GPS1_Frame,42.33999816666666,-71.08864533333333,73.8,327943.615612754,4689639.66626841,19,T
1664734980.6551247,263,66280,0,GPS1_Frame,42.33999833333334,-71.0886425,73.6,327943.8494786726,4689639.679042068,19,T
1664734981.6541123,264,66380,0,GPS1_Frame,42.339998666666666,-71.08863916666665,73.3,327944.1249894225,4689639.709311024,19,T
1664734982.6520638,265,66480,0,GPS1_Frame,42.339998833333325,-71.08863566666668,73.0,327944.4137756465,4689639.720735663,19,T
1664734983.653816,266,66580,0,GPS1_Frame,42.339999166666665,-71.08863233333334,72.7,327944.68928639323,4689639.751004643,19,T
1664734984.6521046,267,66680,0,GPS1_Frame,42.339999500000005,-71.08862883333333,72.4,327944.9785272119,4689639.780936375,19,T
1664734985.655023,268,66780,0,GPS1_Frame,42.33999966666667,-71.08862566666667,72.2,327945.2398532757,4689639.793035562,19,T
1664734986.6572566,269,66880,0,GPS1_Frame,42.339999999999996,-71.08862266666667,71.9,327945.4879038583,4689639.823979086,19,T
1664734987.6557317,270,66980,0,GPS1_Frame,42.340000333333336,-71.08862,71.6,327945.7084942824,4689639.855597131,19,T
1664734988.6542847,271,67080,0,GPS1_Frame,42.340000833333335,-71.08861716666667,71.3,327945.9432693748,4689639.905384997,19,T
1664734989.655032,272,67180,0,GPS1_Frame,42.34000116666666,-71.08861433333333,71.0,327946.1775898745,4689639.9366657995,19,T
1664734990.6497173,273,67280,0,GPS1_Frame,42.3400015,-71.08861183333333,70.7,327946.3844502121,4689639.968621121,19,T
1664734991.6556008,274,67380,0,GPS1_Frame,42.340002000000005,-71.08860916666666,70.3,327946.6054952204,4689640.018746263,19,T
1664734992.654621,275,67480,0,GPS1_Frame,42.340002500000004,-71.08860666666666,70.0,327946.81281014683,4689640.069208668,19,T
1664734993.6556609,276,67580,0,GPS1_Frame,42.34000283333333,-71.08860433333332,69.8,327947.0059404024,4689640.101501259,19,T
1664734994.6537657,277,67680,0,GPS1_Frame,42.34000316666667,-71.08860233333333,69.5,327947.1716105037,4689640.134468363,19,T
1664734995.653988,278,67780,0,GPS1_Frame,42.34000566666667,-71.08859766666666,68.5,327947.56287149154,4689640.402631349,19,T
1664734996.652551,279,67880,0,GPS1_Frame,42.340007,-71.08859483333335,67.8,327947.79991949286,4689640.544954631,19,T
1664734997.6528802,280,67980,0,GPS1_Frame,42.340008999999995,-71.08859183333334,66.9,327948.05251591734,4689640.76096895,19,T
1664734998.6522622,281,68080,0,GPS1_Frame,42.340010666666664,-71.08858933333333,66.2,327948.26301292493,4689640.94098089,19,T
1664734999.6564186,282,68180,0,GPS1_Frame,42.340012166666675,-71.08858766666667,65.7,327948.404404963,4689641.104172019,19,T
1664735000.653517,283,68280,0,GPS1_Frame,42.34001316666666,-71.08858666666667,65.3,327948.48951293266,4689641.213190937,19,T
1664735001.6507027,284,68380,0,GPS1_Frame,42.340014999999994,-71.08858483333333,64.7,327948.64554420795,4689641.413058962,19,T
1664735002.655597,285,68480,0,GPS1_Frame,42.34001583333334,-71.08858383333333,64.4,327948.73019758577,4689641.503570815,19,T
1664735003.6544013,286,68580,0,GPS1_Frame,42.340016500000004,-71.08858333333333,64.1,327948.7732061527,4689641.576587348,19,T
1664735004.6555493,287,68680,0,GPS1_Frame,42.34001750000001,-71.0885825,63.7,327948.84458404034,4689641.685943523,19,T
1664735005.6562343,288,68780,0,GPS1_Frame,42.3400185,-71.08858166666667,63.3,327948.91596192366,4689641.795299697,19,T
1664735006.6549618,289,68880,0,GPS1_Frame,42.340019166666664,-71.08858083333332,63.0,327948.9864306367,4689641.867641731,19,T
1664735007.654556,290,68980,0,GPS1_Frame,42.34002,-71.0885795,62.6,327949.0985441478,4689641.9574790895,19,T
1664735008.6498113,291,69080,0,GPS1_Frame,42.34002066666667,-71.0885785,62.2,327949.18274292984,4689642.029483876,19,T
1664735009.6537733,292,69180,0,GPS1_Frame,42.34002116666667,-71.08857766666667,61.9,327949.2527570483,4689642.083318843,19,T
1664735010.6543472,293,69280,0,GPS1_Frame,42.34002183333334,-71.08857683333333,61.6,327949.3232257508,4689642.155660882,19,T
1664735011.6555831,294,69380,0,GPS1_Frame,42.34002233333334,-71.088576,61.3,327949.393239869,4689642.209495848,19,T
1664735012.6535897,295,69480,0,GPS1_Frame,42.34002316666667,-71.08857466666667,60.9,327949.5053533715,4689642.299333213,19,T
1664735013.6539805,296,69580,0,GPS1_Frame,42.34002366666667,-71.08857316666666,60.7,327949.63028777577,4689642.351819188,19,T
1664735014.6548784,297,69680,0,GPS1_Frame,42.3400245,-71.08857116666667,60.5,327949.79732156126,4689642.440307564,19,T
1664735015.654354,298,69780,0,GPS1_Frame,42.34002483333334,-71.08856949999999,60.3,327949.9355314463,4689642.4739492275,19,T
1664735016.6544147,299,69880,0,GPS1_Frame,42.3400255,-71.08856816666666,60.0,327950.047190354,4689642.545279529,19,T
1664735017.6582792,300,69980,0,GPS1_Frame,42.34002633333333,-71.08856666666667,59.7,327950.1730339157,4689642.634779654,19,T
1664735018.6522126,301,70080,0,GPS1_Frame,42.34002716666667,-71.08856483333334,59.4,327950.32633761206,4689642.723605292,19,T
1664735019.6515589,302,70180,0,GPS1_Frame,42.340028,-71.08856316666667,59.2,327950.4659112377,4689642.812768174,19,T
1664735020.653463,303,70280,0,GPS1_Frame,42.34002866666666,-71.08856166666666,58.9,327950.5913002072,4689642.883761238,19,T
1664735021.653506,304,70380,0,GPS1_Frame,42.340029,-71.08856033333333,58.7,327950.7020499358,4689642.918077409,19,T
1664735022.6556294,305,70480,0,GPS1_Frame,42.34002916666667,-71.0885595,58.7,327950.77115487226,4689642.934898249,19,T
1664735023.6561024,306,70580,0,GPS1_Frame,42.34002933333333,-71.08855883333334,58.6,327950.8265297379,4689642.952056335,19,T
1664735024.6537592,307,70680,0,GPS1_Frame,42.340029666666666,-71.0885575,58.4,327950.9372794683,4689642.98637251,19,T
1664735025.654942,308,70780,0,GPS1_Frame,42.34002999999999,-71.088556,58.4,327951.06175926374,4689643.02035144,19,T
1664735026.6530077,309,70880,0,GPS1_Frame,42.34003033333333,-71.08855466666667,58.3,327951.1725089918,4689643.054667619,19,T
1664735027.6557443,310,70980,0,GPS1_Frame,42.340030999999996,-71.08855333333332,58.2,327951.28416787693,4689643.125997939,19,T
1664735028.6521132,311,71080,0,GPS1_Frame,42.3400315,-71.08855266666666,58.2,327951.3404518999,4689643.180170172,19,T
1664735029.6553857,312,71180,0,GPS1_Frame,42.340032,-71.08855216666666,58.1,327951.38300585,4689643.234679649,19,T
1664735030.6507413,313,71280,0,GPS1_Frame,42.34003250000001,-71.08855100000001,58.1,327951.4804800786,4689643.2878401475,19,T
1664735031.65538,314,71380,0,GPS1_Frame,42.34003316666667,-71.08855033333333,57.9,327951.5372186784,4689643.360519451,19,T
1664735032.6543782,315,71480,0,GPS1_Frame,42.34003366666668,-71.08854983333335,57.9,327951.5797726259,4689643.41502893,19,T
1664735033.6564605,316,71580,0,GPS1_Frame,42.34003416666666,-71.08854966666667,57.8,327951.594866436,4689643.470212897,19,T
1664735034.6575723,317,71680,0,GPS1_Frame,42.34003500000001,-71.08854916666665,57.7,327951.6383295412,4689643.561736518,19,T
1664735035.660169,318,71780,0,GPS1_Frame,42.34003566666667,-71.088549,57.6,327951.6538779278,4689643.635427556,19,T
1664735036.652754,319,71880,0,GPS1_Frame,42.3400365,-71.08854866666667,57.4,327951.6836109624,4689643.727288418,19,T
1664735037.6554286,320,71980,0,GPS1_Frame,42.340036833333336,-71.088549,57.3,327951.65705998335,4689643.76497705,19,T
1664735038.6530015,321,72080,0,GPS1_Frame,42.34003716666666,-71.088549,57.1,327951.6579691421,4689643.80199119,19,T
1664735039.6574473,322,66240,0,GPS1_Frame,42.34003716666666,-71.088549,57.0,327951.6579691421,4689643.80199119,19,T
1664735040.6579154,323,66340,0,GPS1_Frame,42.34003716666666,-71.088549,56.9,327951.6579691421,4689643.80199119,19,T
1664735041.6538525,324,66440,0,GPS1_Frame,42.340037,-71.08854916666665,56.8,327951.6437844939,4689643.783821365,19,T
1664735042.6558058,325,66540,0,GPS1_Frame,42.340036833333336,-71.08854966666667,56.7,327951.60213970795,4689643.766326027,19,T
1664735043.6556933,326,66640,0,GPS1_Frame,42.3400365,-71.08855066666666,56.8,327951.5188501333,4689643.731335353,19,T
1664735044.6540222,327,66740,0,GPS1_Frame,42.34003616666667,-71.08855199999999,56.8,327951.4081004198,4689643.697019172,19,T
1664735045.6522758,328,66840,0,GPS1_Frame,42.34003583333333,-71.08855333333332,56.9,327951.29735070514,4689643.662702989,19,T
1664735046.6542206,329,66940,0,GPS1_Frame,42.340035333333326,-71.088555,57.0,327951.15868626826,4689643.610554229,19,T
1664735047.653822,330,67040,0,GPS1_Frame,42.34003500000001,-71.08855516666667,56.9,327951.1440470377,4689643.573877334,19,T
1664735048.6520278,331,67140,0,GPS1_Frame,42.34003516666667,-71.088556,56.8,327951.07585127023,4689643.594070633,19,T
1664735049.6556323,332,67240,0,GPS1_Frame,42.34003466666666,-71.08855716666667,56.7,327950.97837704024,4689643.540910138,19,T
1664735050.6549459,333,67340,0,GPS1_Frame,42.34003416666666,-71.0885585,56.7,327950.86717273924,4689643.488086894,19,T
1664735051.6568341,334,67440,0,GPS1_Frame,42.34003383333334,-71.0885595,56.7,327950.7838831573,4689643.453096229,19,T
1664735052.6550505,335,67540,0,GPS1_Frame,42.34003333333333,-71.08856083333333,56.7,327950.6726788534,4689643.400272987,19,T
1664735053.6548386,336,67640,0,GPS1_Frame,42.34003299999999,-71.08856216666666,56.8,327950.5619291298,4689643.365956815,19,T
1664735054.651692,337,67740,0,GPS1_Frame,42.34003216666667,-71.08856433333334,56.8,327950.3811653063,4689643.27780567,19,T
1664735055.6544104,338,67840,0,GPS1_Frame,42.34003166666666,-71.08856516666667,56.7,327950.3111512063,4689643.223970693,19,T
1664735056.6542466,339,67940,0,GPS1_Frame,42.34003066666667,-71.088567,56.7,327950.157392935,4689643.116637988,19,T
1664735057.6539288,340,68040,0,GPS1_Frame,42.34003016666667,-71.08856766666666,56.7,327950.1011089019,4689643.0624657655,19,T
1664735058.652223,341,68140,0,GPS1_Frame,42.34002999999999,-71.08856783333334,56.5,327950.08692424814,4689643.044295941,19,T
1664735059.6536415,342,68240,0,GPS1_Frame,42.34002983333333,-71.08856816666666,56.5,327950.059009524,4689643.026463366,19,T
1664735060.6549177,343,68340,0,GPS1_Frame,42.34002983333333,-71.08856833333333,56.4,327950.0452794536,4689643.026800613,19,T
1664735061.6597638,344,68440,0,GPS1_Frame,42.34002933333333,-71.088569,56.4,327949.9889954189,4689642.97262839,19,T
1664735062.652134,345,68540,0,GPS1_Frame,42.340029,-71.08856949999999,56.5,327949.94689603994,4689642.936625993,19,T
1664735063.6572678,346,68640,0,GPS1_Frame,42.34002883333333,-71.0885705,56.6,327949.86406103044,4689642.92014241,19,T
1664735064.6548927,347,68740,0,GPS1_Frame,42.340028333333336,-71.08857133333332,56.8,327949.7940469249,4689642.866307437,19,T
1664735065.6555707,348,68840,0,GPS1_Frame,42.34002816666666,-71.08857166666667,57.0,327949.76613219717,4689642.848474862,19,T
1664735066.657492,349,68940,0,GPS1_Frame,42.340028,-71.08857283333333,57.2,327949.66956711526,4689642.832328527,19,T
1664735067.6587534,350,69040,0,GPS1_Frame,42.340028,-71.08857366666666,57.5,327949.6009167613,4689642.83401477,19,T
1664735068.6573884,351,69140,0,GPS1_Frame,42.34002816666666,-71.088575,57.6,327949.4915307758,4689642.855219829,19,T
1664735069.6560848,352,69240,0,GPS1_Frame,42.340028333333336,-71.08857566666667,57.8,327949.43706507783,4689642.875075894,19,T
1664735070.650364,353,69340,0,GPS1_Frame,42.34002816666666,-71.0885775,58.0,327949.2855797102,4689642.86027856,19,T
1664735071.6565616,354,69440,0,GPS1_Frame,42.3400285,-71.08857800000001,58.0,327949.245298667,4689642.89830445,19,T
1664735072.6554842,355,69540,0,GPS1_Frame,42.340029,-71.08857916666666,58.0,327949.15055192984,4689642.956186406,19,T
1664735073.6564324,356,69640,0,GPS1_Frame,42.340029666666666,-71.0885805,57.9,327949.0425297078,4689643.032912684,19,T
1664735074.6564896,357,69740,0,GPS1_Frame,42.34003033333333,-71.08858166666667,57.8,327948.9482375562,4689643.109301714,19,T
1664735075.6548507,358,69840,0,GPS1_Frame,42.34003083333334,-71.088583,57.7,327948.839760754,4689643.1675209245,19,T
1664735076.6587412,359,69940,0,GPS1_Frame,42.34003116666666,-71.08858416666666,57.6,327948.7445594325,4689643.206895816,19,T
1664735077.6558022,360,70040,0,GPS1_Frame,42.340031333333336,-71.0885855,57.6,327948.6351734589,4689643.228100888,19,T
1664735078.6529725,361,70140,0,GPS1_Frame,42.34003166666666,-71.0885865,57.6,327948.55370220926,4689643.267138531,19,T
1664735079.6559746,362,70240,0,GPS1_Frame,42.340032333333326,-71.088587,57.4,327948.51433034963,4689643.342178565,19,T
1664735080.654978,363,70340,0,GPS1_Frame,42.34003316666667,-71.08858766666667,57.2,327948.461683009,4689643.436062923,19,T
1664735081.653999,364,70440,0,GPS1_Frame,42.3400335,-71.08858883333333,57.2,327948.36648169305,4689643.475437819,19,T
1664735082.6584654,365,70540,0,GPS1_Frame,42.34003366666668,-71.08859016666666,57.3,327948.2570957246,4689643.496642898,19,T
1664735083.6540504,366,70640,0,GPS1_Frame,42.34003383333334,-71.08859016666666,57.2,327948.25755031285,4689643.515149968,19,T
1664735084.6528208,367,70740,0,GPS1_Frame,42.340033999999996,-71.0885905,57.1,327948.23054476216,4689643.53433154,19,T
1664735085.6549766,368,70840,0,GPS1_Frame,42.340033999999996,-71.088591,57.2,327948.1893545515,4689643.535343293,19,T
1664735086.6530397,369,70940,0,GPS1_Frame,42.34003366666668,-71.08859183333334,57.3,327948.1197950246,4689643.50001541,19,T
1664735087.6579115,370,71040,0,GPS1_Frame,42.34003316666667,-71.08859333333334,57.6,327947.99486062734,4689643.44752946,19,T
1664735088.648342,371,71140,0,GPS1_Frame,42.34003316666667,-71.08859316666667,57.5,327948.00859069906,4689643.447192209,19,T
1664735089.6598055,372,71240,0,GPS1_Frame,42.34003333333333,-71.08859366666667,57.4,327947.96785507695,4689643.466711033,19,T
1664735090.6543648,373,71340,0,GPS1_Frame,42.34003333333333,-71.0885945,57.5,327947.8992047287,4689643.468397292,19,T
1664735091.6555784,374,71440,0,GPS1_Frame,42.34003316666667,-71.08859583333333,57.7,327947.78890958,4689643.452588237,19,T
1664735092.6537938,375,71540,0,GPS1_Frame,42.3400335,-71.08859566666666,57.5,327947.80354882864,4689643.489265125,19,T
1664735093.6563463,376,71640,0,GPS1_Frame,42.34003333333333,-71.0885965,57.6,327947.73444388877,4689643.472444315,19,T
1664735094.6569555,377,71740,0,GPS1_Frame,42.3400335,-71.0885975,57.7,327947.65251805866,4689643.492974899,19,T
1664735095.6594605,378,71840,0,GPS1_Frame,42.34003333333333,-71.088599,57.8,327947.52849283983,4689643.4775030995,19,T
1664735096.6553917,379,71940,0,GPS1_Frame,42.3400335,-71.08859933333333,57.6,327947.50148729084,4689643.496684676,19,T
1664735097.6568685,380,72040,0,GPS1_Frame,42.34003383333334,-71.08860016666667,57.5,327947.4337461216,4689643.53538508,19,T
1664735098.656354,381,72140,0,GPS1_Frame,42.34003366666668,-71.08860150000001,57.5,327947.32345097244,4689643.519576033,19,T
1664735099.6516654,382,66300,0,GPS1_Frame,42.34003383333334,-71.0886035,57.6,327947.1591447245,4689643.542130139,19,T
1664735100.656553,383,66400,0,GPS1_Frame,42.3400335,-71.08860533333333,57.9,327947.00720477203,4689643.508825785,19,T
1664735101.6549618,384,66500,0,GPS1_Frame,42.34003383333334,-71.08860516666667,57.7,327947.0218440248,4689643.545502672,19,T
1664735102.653847,385,66600,0,GPS1_Frame,42.340033999999996,-71.088606,57.7,327946.9536482688,4689643.56569601,19,T
1664735103.6540096,386,66700,0,GPS1_Frame,42.34003383333334,-71.08860750000001,57.7,327946.829623047,4689643.550224223,19,T
1664735104.654212,387,66800,0,GPS1_Frame,42.34003316666667,-71.08860916666666,57.9,327946.69050398166,4689643.479568481,19,T
1664735105.6559575,388,66900,0,GPS1_Frame,42.340032666666666,-71.08861,58.0,327946.6204898511,4689643.425733538,19,T
1664735106.6524048,389,67000,0,GPS1_Frame,42.34003250000001,-71.08861083333333,58.0,327946.5513849093,4689643.408912741,19,T
1664735107.6562397,390,67100,0,GPS1_Frame,42.34003216666667,-71.0886115,58.1,327946.49555544404,4689643.373247618,19,T
1664735108.6508708,391,67200,0,GPS1_Frame,42.340032,-71.088612,58.2,327946.45391063916,4689643.35575231,19,T
1664735109.6565483,392,67300,0,GPS1_Frame,42.340032,-71.08861216666666,58.2,327946.4401805692,4689643.356089564,19,T
1664735110.6495943,393,67400,0,GPS1_Frame,42.34003166666666,-71.08861283333334,58.3,327946.38435110083,4689643.320424441,19,T
1664735111.6529698,394,67500,0,GPS1_Frame,42.34003116666666,-71.08861350000001,58.5,327946.3280670406,4689643.266252249,19,T
1664735112.6559298,395,67600,0,GPS1_Frame,42.34003066666667,-71.08861483333334,58.6,327946.21686269436,4689643.213429077,19,T
1664735113.6549287,396,67700,0,GPS1_Frame,42.34003016666667,-71.08861616666667,58.8,327946.10565835057,4689643.160605905,19,T
1664735114.6562746,397,67800,0,GPS1_Frame,42.340029666666666,-71.08861733333333,59.1,327946.0081840713,4689643.107445479,19,T
1664735115.6563733,398,67900,0,GPS1_Frame,42.340029,-71.08861866666666,59.4,327945.8965251297,4689643.036115241,19,T
1664735116.6496255,399,68000,0,GPS1_Frame,42.34002883333333,-71.08861983333333,59.4,327945.7999600365,4689643.019968961,19,T
1664735117.6546137,400,68100,0,GPS1_Frame,42.3400285,-71.08862083333334,59.5,327945.7166704227,4689642.984978356,19,T
1664735118.652212,401,68200,0,GPS1_Frame,42.34002816666666,-71.08862116666666,59.6,327945.6883010912,4689642.948638725,19,T
1664735119.6566606,402,68300,0,GPS1_Frame,42.34002766666667,-71.08862183333333,59.7,327945.6320170184,4689642.89446654,19,T
1664735120.6541183,403,68400,0,GPS1_Frame,42.34002699999999,-71.088622,59.8,327945.6164685667,4689642.82077551,19,T
1664735121.657591,404,68500,0,GPS1_Frame,42.34002666666667,-71.08862183333333,59.7,327945.62928944745,4689642.783424114,19,T
1664735122.6524498,405,68600,0,GPS1_Frame,42.34002633333333,-71.08862166666667,59.7,327945.64211032836,4689642.746072715,19,T
1664735123.6538033,406,68700,0,GPS1_Frame,42.34002616666667,-71.08862216666667,59.7,327945.6004655196,4689642.7285774145,19,T
1664735124.6557317,407,68800,0,GPS1_Frame,42.3400255,-71.08862233333333,59.7,327945.5849170674,4689642.654886388,19,T
1664735125.6555617,408,68900,0,GPS1_Frame,42.3400245,-71.08862333333333,59.9,327945.49980906636,4689642.545867501,19,T
1664735126.653433,409,69000,0,GPS1_Frame,42.34002366666667,-71.08862416666666,60.0,327945.4288857281,4689642.455018431,19,T
1664735127.6576304,410,69100,0,GPS1_Frame,42.34002283333333,-71.08862483333334,60.0,327945.3716924601,4689642.363832103,19,T
1664735128.6543858,411,69200,0,GPS1_Frame,42.340022,-71.0886255,60.1,327945.31449919264,4689642.272645777,19,T
1664735129.656456,412,69300,0,GPS1_Frame,42.340020833333334,-71.08862649999999,60.3,327945.2289365849,4689642.145119823,19,T
1664735130.6554542,413,69400,0,GPS1_Frame,42.34002,-71.08862733333333,60.4,327945.1580132394,4689642.054270754,19,T
1664735131.6543996,414,69500,0,GPS1_Frame,42.34001883333334,-71.0886285,60.6,327945.0587205535,4689641.92708206,19,T
1664735132.651072,415,69600,0,GPS1_Frame,42.340017833333334,-71.0886295,60.7,327944.973612534,4689641.818063178,19,T
1664735133.6563158,416,69700,0,GPS1_Frame,42.34001799999999,-71.08862916666666,60.5,327945.0015272767,4689641.835895733,19,T
1664735134.6549506,417,69800,0,GPS1_Frame,42.34001799999999,-71.088628,60.2,327945.097637792,4689641.833534933,19,T
1664735135.6530695,418,69900,0,GPS1_Frame,42.340018166666674,-71.08862683333334,59.8,327945.19420289935,4689641.849681206,19,T
1664735136.6534564,419,70000,0,GPS1_Frame,42.34001833333333,-71.08862566666667,59.6,327945.29076800816,4689641.8658274785,19,T
1664735137.660223,420,70100,0,GPS1_Frame,42.340018166666674,-71.08862500000001,59.4,327945.34523370623,4689641.845971381,19,T
1664735138.6512113,421,70200,0,GPS1_Frame,42.340018166666674,-71.08862433333334,59.2,327945.40015399817,4689641.844622355,19,T
1664735139.6509466,422,70300,0,GPS1_Frame,42.34001833333333,-71.08862433333334,58.9,327945.4006085938,4689641.863129425,19,T
1664735140.651773,423,70400,0,GPS1_Frame,42.34001883333334,-71.08862383333333,58.5,327945.4431626012,4689641.917638868,19,T
1664735141.6537817,424,70500,0,GPS1_Frame,42.34001883333334,-71.08862483333334,58.4,327945.36078216217,4689641.919662407,19,T
1664735142.65493,425,70600,0,GPS1_Frame,42.34001833333333,-71.088627,58.6,327945.18092742254,4689641.868525533,19,T
1664735143.6578817,426,70700,0,GPS1_Frame,42.34001799999999,-71.08862833333333,58.7,327945.0701776439,4689641.834209448,19,T
1664735144.6517766,427,70800,0,GPS1_Frame,42.34001733333333,-71.0886305,59.1,327944.8898683047,4689641.764565512,19,T
1664735145.6526723,428,70900,0,GPS1_Frame,42.340017,-71.08863133333332,59.1,327944.8203087426,4689641.729237659,19,T
1664735146.648914,429,71000,0,GPS1_Frame,42.34001633333334,-71.08863233333334,59.2,327944.7361099117,4689641.6572329225,19,T
1664735147.6513653,430,71100,0,GPS1_Frame,42.3400155,-71.0886335,59.4,327944.63772640796,4689641.567058373,19,T
1664735148.6554244,431,71200,0,GPS1_Frame,42.34001466666667,-71.0886345,59.7,327944.5530729755,4689641.476546569,19,T
1664735149.6544714,432,71300,0,GPS1_Frame,42.34001433333333,-71.088636,59.9,327944.4285931133,4689641.442567753,19,T
1664735150.6509233,433,71400,0,GPS1_Frame,42.340013500000005,-71.0886375,60.2,327944.30274945474,4689641.353067727,19,T
1664735151.6581175,434,71500,0,GPS1_Frame,42.340013,-71.08863766666667,60.2,327944.2876555831,4689641.297883772,19,T
1664735152.6539998,435,71600,0,GPS1_Frame,42.340012333333334,-71.08863783333332,60.4,327944.2721071171,4689641.224192749,19,T
1664735153.6529927,436,71700,0,GPS1_Frame,42.34001183333333,-71.08863849999999,60.6,327944.21582302195,4689641.170020571,19,T
1664735154.654145,437,71800,0,GPS1_Frame,42.34001116666666,-71.08864,60.8,327944.0904339547,4689641.099027619,19,T
1664735155.6558337,438,71900,0,GPS1_Frame,42.34001033333334,-71.08864133333333,61.1,327943.97832035815,4689641.009190341,19,T
1664735156.6550202,439,72000,0,GPS1_Frame,42.34000983333333,-71.08864216666666,61.3,327943.9083061863,4689640.955355425,19,T
1664735157.6519346,440,72100,0,GPS1_Frame,42.340009333333334,-71.08864283333334,61.6,327943.85202208423,4689640.901183252,19,T
1664735158.6514323,441,72200,0,GPS1_Frame,42.340008999999995,-71.08864366666667,61.9,327943.78246251016,4689640.865855407,19,T
1664735159.6588752,442,66360,0,GPS1_Frame,42.34000866666667,-71.08864433333333,62.2,327943.72663301043,4689640.830190306,19,T
1664735160.656062,443,66460,0,GPS1_Frame,42.34000833333333,-71.08864366666667,62.4,327943.7806441111,4689640.791827125,19,T
1664735161.654725,444,66560,0,GPS1_Frame,42.340007833333324,-71.0886425,62.5,327943.8753908407,4689640.733945095,19,T
1664735162.6541018,445,66660,0,GPS1_Frame,42.340007,-71.08864116666668,62.6,327943.9829584488,4689640.638711669,19,T
1664735163.6520114,446,66760,0,GPS1_Frame,42.340006499999994,-71.08863983333335,62.7,327944.09143525764,4689640.580492381,19,T
1664735164.6543922,447,66860,0,GPS1_Frame,42.34000616666667,-71.088638,62.8,327944.24155689566,4689640.539768393,19,T
1664735165.6569319,448,66960,0,GPS1_Frame,42.340005500000004,-71.08863683333334,62.9,327944.335849034,4689640.463379299,19,T
1664735166.6550424,449,67060,0,GPS1_Frame,42.34000533333333,-71.08863500000001,62.9,327944.48642527155,4689640.441162385,19,T
1664735167.6562517,450,67160,0,GPS1_Frame,42.340004833333325,-71.08863316666665,63.1,327944.63609231915,4689640.381931333,19,T
1664735168.6525042,451,67260,0,GPS1_Frame,42.3400045,-71.08863133333332,63.1,327944.7862139619,4689640.341207357,19,T
1664735169.6561127,452,67360,0,GPS1_Frame,42.34000416666666,-71.0886295,63.1,327944.93633560627,4689640.300483381,19,T
1664735170.65247,453,67460,0,GPS1_Frame,42.340004,-71.08862716666665,62.9,327945.1281020788,4689640.277254711,19,T
1664735171.6533282,454,67560,0,GPS1_Frame,42.340003666666675,-71.08862500000001,62.9,327945.3056838806,4689640.235856232,19,T
1664735172.6555119,455,67660,0,GPS1_Frame,42.340002999999996,-71.08862283333333,62.8,327945.4823564939,4689640.157443615,19,T
1664735173.6541934,456,67760,0,GPS1_Frame,42.340002999999996,-71.08862133333334,62.5,327945.6059271825,4689640.154408309,19,T
1664735174.6547534,457,67860,0,GPS1_Frame,42.34000266666667,-71.08862033333334,62.4,327945.687398453,4689640.115370632,19,T
1664735175.6545036,458,67960,0,GPS1_Frame,42.340002500000004,-71.08861883333334,62.2,327945.810514548,4689640.093828259,19,T
1664735176.6540177,459,68060,0,GPS1_Frame,42.34000233333333,-71.088618,62.0,327945.8787103379,4689640.07363491,19,T
1664735177.6532254,460,68160,0,GPS1_Frame,42.34000233333333,-71.08861683333333,61.8,327945.974820875,4689640.071274122,19,T
1664735178.6507115,461,68260,0,GPS1_Frame,42.34000233333333,-71.08861633333332,61.7,327946.0160111063,4689640.070262357,19,T
1664735179.6515806,462,68360,0,GPS1_Frame,42.34000283333333,-71.08861583333334,61.5,327946.05856511643,4689640.124771803,19,T
1664735180.6520212,463,68460,0,GPS1_Frame,42.340003499999995,-71.08861499999999,61.3,327946.1290338739,4689640.197113809,19,T
1664735181.65734,464,68560,0,GPS1_Frame,42.34000416666666,-71.08861483333334,61.1,327946.14458232163,4689640.2708048355,19,T
1664735182.6519928,465,68660,0,GPS1_Frame,42.340005000000005,-71.08861383333333,60.9,327946.22923574795,4689640.361316661,19,T
1664735183.6523027,466,68760,0,GPS1_Frame,42.34000566666667,-71.08861266666666,60.9,327946.32716465066,4689640.43298416,19,T
1664735184.6554954,467,68860,0,GPS1_Frame,42.340006499999994,-71.08861083333333,60.8,327946.4804684503,4689640.521809713,19,T
1664735185.653919,468,68960,0,GPS1_Frame,42.340007666666665,-71.08860983333334,60.7,327946.5660310498,4689640.649335682,19,T
1664735186.6504273,469,69060,0,GPS1_Frame,42.34000833333333,-71.08860933333334,60.7,327946.6090396467,4689640.722352202,19,T
1664735187.6549478,470,69160,0,GPS1_Frame,42.340009499999994,-71.08860916666666,60.5,327946.62595186953,4689640.851564443,19,T
1664735188.6519084,471,69260,0,GPS1_Frame,42.340010833333324,-71.08860849999999,60.3,327946.6845089057,4689640.99827199,19,T
1664735189.6523736,472,69360,0,GPS1_Frame,42.34001133333333,-71.08860833333333,60.3,327946.6996027564,4689641.05345595,19,T
1664735190.6549785,473,69460,0,GPS1_Frame,42.34001166666667,-71.08860849999999,60.6,327946.68678186624,4689641.090807346,19,T
1664735191.6537986,474,69560,0,GPS1_Frame,42.340011999999994,-71.08860899999999,60.9,327946.6465008275,4689641.128833247,19,T
1664735192.6519203,475,69660,0,GPS1_Frame,42.340011999999994,-71.0886095,61.3,327946.60531060246,4689641.129845009,19,T
1664735193.6568918,476,69760,0,GPS1_Frame,42.34001183333333,-71.08860883333334,61.7,327946.6597763096,4689641.109988923,19,T
1664735194.6554255,477,69860,0,GPS1_Frame,42.34001183333333,-71.08860883333334,62.1,327946.6597763096,4689641.109988923,19,T
1664735195.6539264,478,69960,0,GPS1_Frame,42.340012166666675,-71.08860883333334,62.2,327946.6606854941,4689641.147003067,19,T
1664735196.6523144,479,70060,0,GPS1_Frame,42.340012333333334,-71.08860866666667,62.4,327946.67487016047,4689641.165172882,19,T
1664735197.6545374,480,70160,0,GPS1_Frame,42.340012166666675,-71.08860816666667,62.9,327946.7156057911,4689641.145654052,19,T
1664735198.6525037,481,70260,0,GPS1_Frame,42.340012166666675,-71.08860800000001,63.2,327946.7293358654,4689641.145316796,19,T
1664735199.6549528,482,70360,0,GPS1_Frame,42.34001249999999,-71.08860716666666,63.2,327946.7988954224,4689641.180644667,19,T
1664735200.6550388,483,70460,0,GPS1_Frame,42.340013,-71.08860533333333,62.9,327946.951290015,4689641.232456088,19,T
1664735201.6551347,484,70560,0,GPS1_Frame,42.34001333333334,-71.08860366666666,62.6,327947.0894999422,4689641.266097697,19,T
1664735202.653863,485,70660,0,GPS1_Frame,42.340014000000004,-71.08860183333333,62.2,327947.24234912323,4689641.336416196,19,T
1664735203.6562793,486,70760,0,GPS1_Frame,42.34001433333333,-71.0886,61.9,327947.39428911835,4689641.369720557,19,T
1664735204.651235,487,70860,0,GPS1_Frame,42.34001466666667,-71.08859816666667,61.6,327947.5462291119,4689641.40302492,19,T
1664735205.6543453,488,70960,0,GPS1_Frame,42.34001466666667,-71.08859666666667,61.4,327947.66979977954,4689641.399989651,19,T
1664735206.652584,489,71060,0,GPS1_Frame,42.340014833333335,-71.08859516666666,61.1,327947.7938250364,4689641.415461455,19,T
1664735207.6592064,490,71160,0,GPS1_Frame,42.340014999999994,-71.08859366666667,60.9,327947.91785028845,4689641.430933259,19,T
1664735208.6510158,491,71260,0,GPS1_Frame,42.34001566666667,-71.08859233333332,60.6,327948.0295092362,4689641.50226353,19,T
1664735209.6541893,492,71360,0,GPS1_Frame,42.340016,-71.08859133333334,60.3,327948.112798854,4689641.537254164,19,T
1664735210.6517603,493,71460,0,GPS1_Frame,42.340016166666665,-71.08859016666666,60.1,327948.2093639603,4689641.553400476,19,T
1664735211.6551473,494,71560,0,GPS1_Frame,42.34001633333334,-71.08858933333333,59.9,327948.27846891526,4689641.570221292,19,T
1664735212.6493337,495,71660,0,GPS1_Frame,42.34001633333334,-71.08858833333333,59.7,327948.3608493574,4689641.568197788,19,T
1664735213.6563835,496,71760,0,GPS1_Frame,42.34001666666666,-71.08858733333334,59.6,327948.44413897465,4689641.6031884225,19,T
1664735214.6564724,497,71860,0,GPS1_Frame,42.34001683333333,-71.08858666666667,59.4,327948.4995138551,4689641.620346491,19,T
1664735215.6488287,498,71960,0,GPS1_Frame,42.340017,-71.088586,59.3,327948.5548887353,4689641.637504563,19,T
1664735216.650607,499,72060,0,GPS1_Frame,42.34001733333333,-71.088585,59.2,327948.63817835273,4689641.6724952,19,T
1664735217.652307,500,72160,0,GPS1_Frame,42.340017833333334,-71.08858416666666,59.1,327948.7081924789,4689641.726330162,19,T
1664735218.6513383,501,72260,0,GPS1_Frame,42.34001866666667,-71.0885835,59.0,327948.7653857067,4689641.817516515,19,T
1664735219.6556048,502,66420,0,GPS1_Frame,42.340019166666664,-71.08858266666667,59.0,327948.8353998326,4689641.871351478,19,T
1664735220.654336,503,66520,0,GPS1_Frame,42.34001983333333,-71.08858166666667,58.9,327948.9195986142,4689641.9433562625,19,T
1664735221.6537921,504,66620,0,GPS1_Frame,42.34002016666667,-71.08858066666667,58.9,327949.0028882241,4689641.978346907,19,T
1664735222.6524398,505,66720,0,GPS1_Frame,42.34002066666667,-71.08858033333333,59.1,327949.03171212936,4689642.033193619,19,T
1664735223.65586,506,66820,0,GPS1_Frame,42.34002116666667,-71.0885805,59.3,327949.0193458152,4689642.089052081,19,T
1664735224.653664,507,66920,0,GPS1_Frame,42.3400215,-71.088581,59.6,327948.97906476865,4689642.12707797,19,T
1664735225.6539323,508,67020,0,GPS1_Frame,42.340022,-71.08858083333332,59.8,327948.9941586014,4689642.182261933,19,T
1664735226.6494317,509,67120,0,GPS1_Frame,42.340023,-71.0885805,59.9,327949.0243462623,4689642.2926298585,19,T
1664735227.6564345,510,67220,0,GPS1_Frame,42.34002383333333,-71.088581,60.0,327948.98542897566,4689642.38617696,19,T
1664735228.6547537,511,67320,0,GPS1_Frame,42.34002483333334,-71.08858116666667,60.1,327948.9744264215,4689642.497556632,19,T
1664735229.6515846,512,67420,0,GPS1_Frame,42.34002566666666,-71.08858166666667,60.2,327948.9355091369,4689642.591103734,19,T
1664735230.6500018,513,67520,0,GPS1_Frame,42.34002683333333,-71.08858149999999,60.0,327948.9524213148,4689642.720315981,19,T
1664735231.6546292,514,67620,0,GPS1_Frame,42.3400285,-71.088582,59.7,327948.9157769643,4689642.906398436,19,T
1664735232.6519573,515,67720,0,GPS1_Frame,42.34002983333333,-71.08858266666667,59.4,327948.8644933746,4689643.055804,19,T
1664735233.6542923,516,67820,0,GPS1_Frame,42.340031333333336,-71.08858283333333,59.2,327948.85485458426,4689643.222704886,19,T
1664735234.653588,517,67920,0,GPS1_Frame,42.34003216666667,-71.0885825,59.1,327948.8845876575,4689643.3145657405,19,T
1664735235.655984,518,68020,0,GPS1_Frame,42.3400335,-71.08858149999999,58.8,327948.97060477023,4689643.460598807,19,T
1664735236.6530836,519,68120,0,GPS1_Frame,42.34003416666666,-71.088581,58.6,327949.0136133243,4689643.533615342,19,T
1664735237.6524298,520,68220,0,GPS1_Frame,42.34003466666666,-71.08858033333333,58.3,327949.06989736273,4689643.587787554,19,T
1664735238.6522174,521,68320,0,GPS1_Frame,42.34003500000001,-71.08857933333334,58.1,327949.1531869508,4689643.622778201,19,T
1664735239.6546676,522,68420,0,GPS1_Frame,42.340035500000006,-71.08857766666667,57.8,327949.2918514045,4689643.674926921,19,T
1664735240.6493309,523,68520,0,GPS1_Frame,42.34003616666667,-71.088576,57.5,327949.4309704391,4689643.745582716,19,T
1664735241.653885,524,68620,0,GPS1_Frame,42.34003633333334,-71.08857450000001,57.2,327949.5549956472,4689643.761054548,19,T
1664735242.6526089,525,68720,0,GPS1_Frame,42.34003733333334,-71.08857283333333,56.8,327949.69502384856,4689643.86872449,19,T
1664735243.6563556,526,68820,0,GPS1_Frame,42.340038500000006,-71.08857133333332,56.4,327949.82177656126,4689643.995238749,19,T
1664735244.6511092,527,68920,0,GPS1_Frame,42.340039499999996,-71.08857016666666,56.0,327949.9206145447,4689644.103920436,19,T
1664735245.6524508,528,69020,0,GPS1_Frame,42.34004066666667,-71.08856933333333,55.6,327949.9924469771,4689644.231783694,19,T
1664735246.6535127,529,69120,0,GPS1_Frame,42.34004166666667,-71.08856850000001,55.3,327950.06382481917,4689644.34113988,19,T
1664735247.653568,530,69220,0,GPS1_Frame,42.340042666666676,-71.08856766666666,54.9,327950.13520265906,4689644.450496067,19,T
1664735248.6500254,531,69320,0,GPS1_Frame,42.340043666666666,-71.0885675,54.7,327950.15166022745,4689644.561201243,19,T
1664735249.6534503,532,69420,0,GPS1_Frame,42.340044166666665,-71.0885675,54.6,327950.15302397776,4689644.616722455,19,T
1664735250.6525402,533,69520,0,GPS1_Frame,42.340044999999996,-71.08856733333333,54.4,327950.1690269643,4689644.708920563,19,T
1664735251.65435,534,69620,0,GPS1_Frame,42.340045666666676,-71.08856716666666,54.4,327950.18457536504,4689644.782611598,19,T
1664735252.6493506,535,69720,0,GPS1_Frame,42.34004633333334,-71.08856633333333,54.2,327950.2550440347,4689644.854953645,19,T
1664735253.6524222,536,69820,0,GPS1_Frame,42.340046666666666,-71.08856566666667,54.2,327950.31087346794,4689644.890618797,19,T
1664735254.6504936,537,69920,0,GPS1_Frame,42.340046833333325,-71.08856466666666,54.1,327950.3937084553,4689644.907102384,19,T
1664735255.6478586,538,70020,0,GPS1_Frame,42.34004733333333,-71.08856333333333,54.0,327950.5049127365,4689644.959925622,19,T
1664735256.6523554,539,70120,0,GPS1_Frame,42.34004783333333,-71.0885615,54.0,327950.6573072196,4689645.011737122,19,T
1664735257.6590319,540,70220,0,GPS1_Frame,42.34004816666667,-71.08856066666667,54.1,327950.7268667159,4689645.047065031,19,T
1664735258.6525273,541,70320,0,GPS1_Frame,42.340048333333336,-71.08856,54.2,327950.7822415654,4689645.064223116,19,T
1664735259.653787,542,70420,0,GPS1_Frame,42.34004783333333,-71.08856,54.6,327950.78087781975,4689645.008701905,19,T
1664735260.651001,543,70520,0,GPS1_Frame,42.34004783333333,-71.08855966666667,54.8,327950.8083379527,4689645.008027413,19,T
1664735261.6543918,544,70620,0,GPS1_Frame,42.340047000000006,-71.0885595,55.1,327950.8197951104,4689644.915154813,19,T
1664735262.6515436,545,70720,0,GPS1_Frame,42.340046666666666,-71.08855883333334,55.3,327950.87380621594,4689644.876791688,19,T
1664735263.654648,546,70820,0,GPS1_Frame,42.34004616666666,-71.08855816666666,55.4,327950.9273627405,4689644.81992149,19,T
1664735264.650427,547,70920,0,GPS1_Frame,42.340045499999995,-71.0885575,55.6,327950.98046468466,4689644.744544224,19,T
1664735265.6520274,548,71020,0,GPS1_Frame,42.340044500000005,-71.08855716666667,55.8,327951.0051973292,4689644.63282731,19,T
1664735266.6473484,549,71120,0,GPS1_Frame,42.3400435,-71.08855700000001,56.1,327951.0161999094,4689644.521447639,19,T
1664735267.653793,550,71220,0,GPS1_Frame,42.340042666666676,-71.08855650000001,56.3,327951.0551172084,4689644.427900549,19,T
1664735268.6523972,551,71320,0,GPS1_Frame,42.34004166666667,-71.08855616666666,56.4,327951.0798498577,4689644.316183634,19,T
1664735269.6550086,552,71420,0,GPS1_Frame,42.340040833333326,-71.08855566666666,56.6,327951.1187671568,4689644.222636543,19,T
1664735270.651846,553,71520,0,GPS1_Frame,42.340039833333336,-71.08855533333333,56.9,327951.14349981025,4689644.110919628,19,T
1664735271.6543605,554,71620,0,GPS1_Frame,42.34003883333333,-71.08855566666666,57.2,327951.1133121867,4689644.000551695,19,T
1664735272.6510239,555,71720,0,GPS1_Frame,42.34003783333333,-71.08855583333334,57.4,327951.096854633,4689643.889846516,19,T
1664735273.654668,556,71820,0,GPS1_Frame,42.340037,-71.08855583333334,57.7,327951.0945817288,4689643.797311164,19,T
1664735274.6538873,557,71920,0,GPS1_Frame,42.34003616666667,-71.08855566666666,58.0,327951.1060388935,4689643.704438565,19,T
1664735275.6545808,558,72020,0,GPS1_Frame,42.34003516666667,-71.08855583333334,58.3,327951.08958133945,4689643.593733387,19,T
1664735276.6524491,559,72120,0,GPS1_Frame,42.34003433333334,-71.08855616666666,58.5,327951.05984829646,4689643.501872525,19,T
1664735277.64995,560,72220,0,GPS1_Frame,42.34003333333333,-71.08855616666666,58.8,327951.0571208111,4689643.3908301,19,T
1664735278.6485465,561,72320,0,GPS1_Frame,42.34003316666667,-71.08855566666666,58.8,327951.0978564391,4689643.371311294,19,T
1664735279.6547801,562,66480,0,GPS1_Frame,42.34003250000001,-71.08855516666667,59.0,327951.13722832745,4689643.296271275,19,T
1664735280.655297,563,66580,0,GPS1_Frame,42.34003216666667,-71.0885545,59.0,327951.1912394477,4689643.257908151,19,T
1664735281.6531549,564,66680,0,GPS1_Frame,42.34003166666666,-71.08855383333334,59.1,327951.244795986,4689643.201037957,19,T
1664735282.6510732,565,66780,0,GPS1_Frame,42.3400315,-71.08855283333334,59.2,327951.32672182575,4689643.180507417,19,T
1664735283.6522841,566,66880,0,GPS1_Frame,42.34003116666666,-71.08855133333333,59.3,327951.4493833004,4689643.140458071,19,T
1664735284.648702,567,66980,0,GPS1_Frame,42.340030999999996,-71.08855,59.5,327951.5587692857,4689643.119253042,19,T
1664735285.654907,568,67080,0,GPS1_Frame,42.34003066666667,-71.088549,59.6,327951.64024054783,4689643.080215435,19,T
1664735286.6496706,569,67180,0,GPS1_Frame,42.3400305,-71.08854733333332,59.7,327951.77708667493,4689643.058335921,19,T
1664735287.6540046,570,67280,0,GPS1_Frame,42.34003033333333,-71.08854583333333,59.8,327951.90020273044,4689643.036793655,19,T
1664735288.6499355,571,67380,0,GPS1_Frame,42.34002999999999,-71.08854433333333,59.9,327952.0228642082,4689642.996744318,19,T
1664735289.6522715,572,67480,0,GPS1_Frame,42.34002999999999,-71.088543,59.9,327952.132704773,4689642.99404637,19,T
1664735290.650883,573,67580,0,GPS1_Frame,42.34003033333333,-71.0885415,59.9,327952.25718456344,4689643.0280253235,19,T
1664735291.6518989,574,67680,0,GPS1_Frame,42.3400305,-71.0885405,60.0,327952.3400195666,4689643.044508934,19,T
1664735292.6534412,575,67780,0,GPS1_Frame,42.3400305,-71.08854016666668,60.2,327952.36747970706,4689643.043834449,19,T
1664735293.6524665,576,67880,0,GPS1_Frame,42.34003066666667,-71.08853983333333,60.2,327952.39539442485,4689643.0616670335,19,T
1664735294.650196,577,67980,0,GPS1_Frame,42.34003066666667,-71.08853900000001,60.2,327952.4640447758,4689643.059980819,19,T
1664735295.6493573,578,68080,0,GPS1_Frame,42.34003083333334,-71.08853866666666,60.3,327952.49195949524,4689643.077813405,19,T
1664735296.650798,579,68180,0,GPS1_Frame,42.3400305,-71.0885385,60.3,327952.5047804113,4689643.04046202,19,T
1664735297.6537952,580,68280,0,GPS1_Frame,42.34003066666667,-71.0885385,60.2,327952.5052349884,4689643.058969091,19,T
1664735298.648654,581,68380,0,GPS1_Frame,42.340031333333336,-71.0885385,59.9,327952.50705329643,4689643.132997374,19,T
1664735299.6519206,582,68480,0,GPS1_Frame,42.34003183333333,-71.08853833333333,59.7,327952.5221470975,4689643.188181343,19,T
1664735300.6530247,583,68580,0,GPS1_Frame,42.34003216666667,-71.088538,59.5,327952.5505163934,4689643.224520999,19,T
1664735301.6533816,584,68680,0,GPS1_Frame,42.34003250000001,-71.08853766666667,59.5,327952.5788856868,4689643.260860655,19,T
1664735302.6504147,585,68780,0,GPS1_Frame,42.34003299999999,-71.08853766666667,59.3,327952.58024941734,4689643.316381865,19,T
1664735303.6508224,586,68880,0,GPS1_Frame,42.3400335,-71.08853783333333,59.2,327952.56788307836,4689643.372240321,19,T
1664735304.6519413,587,68980,0,GPS1_Frame,42.34003366666668,-71.08853833333333,59.2,327952.52714744466,4689643.391759122,19,T
1664735305.653682,588,69080,0,GPS1_Frame,42.34003333333333,-71.08853866666666,59.3,327952.49877815135,4689643.355419464,19,T
1664735306.6501613,589,69180,0,GPS1_Frame,42.340032666666666,-71.08853883333333,59.6,327952.48322977335,4689643.281728423,19,T
1664735307.6531684,590,69280,0,GPS1_Frame,42.34003183333333,-71.08853866666666,59.8,327952.4946869577,4689643.188855828,19,T
1664735308.6524167,591,69380,0,GPS1_Frame,42.34003083333334,-71.08853883333333,60.1,327952.47822942515,4689643.078150647,19,T
1664735309.6520734,592,69480,0,GPS1_Frame,42.34002983333333,-71.08853900000001,60.4,327952.4617718901,4689642.967445466,19,T
1664735310.6533537,593,69580,0,GPS1_Frame,42.34002883333333,-71.08853900000001,60.8,327952.4590444274,4689642.856403042,19,T
1664735311.6531782,594,69680,0,GPS1_Frame,42.34002783333334,-71.08853900000001,61.1,327952.4563169647,4689642.745360619,19,T
1664735312.649516,595,69780,0,GPS1_Frame,42.34002666666667,-71.08853883333333,61.4,327952.4668649981,4689642.615473881,19,T
1664735313.6538565,596,69880,0,GPS1_Frame,42.34002583333333,-71.08853883333333,61.7,327952.4645921128,4689642.522938528,19,T
1664735314.6489363,597,69980,0,GPS1_Frame,42.34002483333334,-71.08853933333333,61.9,327952.42067443405,4689642.412907832,19,T
1664735315.6529598,598,70080,0,GPS1_Frame,42.34002366666667,-71.08853983333333,62.2,327952.3763021789,4689642.2843700675,19,T
1664735316.6498091,599,70180,0,GPS1_Frame,42.34002283333333,-71.08854033333334,62.4,327952.3328390749,4689642.192846443,19,T
1664735317.6507638,600,70280,0,GPS1_Frame,42.340022,-71.08854083333334,62.5,327952.2893759719,4689642.1013228195,19,T
1664735318.6493218,601,70380,0,GPS1_Frame,42.34002133333333,-71.0885415,62.6,327952.2326373711,4689642.028643508,19,T
1664735319.6524107,602,70480,0,GPS1_Frame,42.34002099999999,-71.08854216666667,62.6,327952.17680792673,4689641.99297834,19,T
1664735320.6478398,603,70580,0,GPS1_Frame,42.34002099999999,-71.08854266666667,62.5,327952.1356177099,4689641.99399007,19,T
1664735321.652225,604,70680,0,GPS1_Frame,42.34002099999999,-71.08854283333334,62.4,327952.12188763765,4689641.994327313,19,T
1664735322.6517313,605,70780,0,GPS1_Frame,42.34002099999999,-71.08854316666665,62.2,327952.09442749305,4689641.995001799,19,T
1664735323.6527228,606,70880,0,GPS1_Frame,42.34002099999999,-71.0885435,62.1,327952.06696734636,4689641.995676287,19,T
1664735324.6473644,607,70980,0,GPS1_Frame,42.340020833333334,-71.08854366666667,62.1,327952.0527826939,4689641.9775064625,19,T
1664735325.6536324,608,71080,0,GPS1_Frame,42.34002050000001,-71.0885445,62.0,327951.98322317586,4689641.942178539,19,T
1664735326.6496925,609,71180,0,GPS1_Frame,42.34002050000001,-71.08854483333333,61.7,327951.95576303103,4689641.942853026,19,T
1664735327.6510327,610,71280,0,GPS1_Frame,42.34001966666666,-71.08854516666666,61.8,327951.92602999427,4689641.850992159,19,T
1664735328.651102,611,71380,0,GPS1_Frame,42.34001933333334,-71.08854533333333,61.9,327951.9113907649,4689641.814315262,19,T
1664735329.6518502,612,71480,0,GPS1_Frame,42.34001866666667,-71.08854500000001,62.0,327951.9370325947,4689641.739612492,19,T
1664735330.6511822,613,71580,0,GPS1_Frame,42.34001833333333,-71.08854500000001,62.1,327951.93612343806,4689641.702598351,19,T
1664735331.6519213,614,71680,0,GPS1_Frame,42.34001799999999,-71.08854533333333,62.2,327951.90775413753,4689641.666258696,19,T
1664735332.6513913,615,71780,0,GPS1_Frame,42.34001766666667,-71.08854583333333,62.4,327951.8656547596,4689641.630256287,19,T
1664735333.6523323,616,71880,0,GPS1_Frame,42.34001666666666,-71.08854583333333,62.7,327951.8629272886,4689641.519213864,19,T
1664735334.6523912,617,71980,0,GPS1_Frame,42.340016166666665,-71.08854633333334,62.9,327951.82037333096,4689641.464704384,19,T
1664735335.6499662,618,72080,0,GPS1_Frame,42.340015333333334,-71.08854683333334,63.3,327951.77691021736,4689641.373180762,19,T
1664735336.6489205,619,72180,0,GPS1_Frame,42.340015166666674,-71.0885475,63.5,327951.7215353444,4689641.35602267,19,T
1664735337.6540332,620,72280,0,GPS1_Frame,42.340014833333335,-71.088548,63.8,327951.6794359636,4689641.32002026,19,T
1664735338.650156,621,72380,0,GPS1_Frame,42.34001416666667,-71.08854883333333,64.2,327951.6089672768,4689641.247678199,19,T
1664735339.6539984,622,66540,0,GPS1_Frame,42.340013666666664,-71.08854983333335,64.5,327951.525223094,4689641.194180453,19,T
1664735340.652385,623,66640,0,GPS1_Frame,42.34001333333334,-71.08855083333333,64.7,327951.4419334915,4689641.15918978,19,T
1664735341.6525908,624,66740,0,GPS1_Frame,42.340013,-71.08855183333334,64.8,327951.35864388605,4689641.124199106,19,T
1664735342.6492908,625,66840,0,GPS1_Frame,42.34001283333334,-71.08855266666666,65.0,327951.2895389359,4689641.107378262,19,T
1664735343.652354,626,66940,0,GPS1_Frame,42.34001283333334,-71.0885535,65.0,327951.22088856134,4689641.109064488,19,T
1664735344.6495192,627,67040,0,GPS1_Frame,42.34001333333334,-71.08855466666667,65.0,327951.1261417839,4689641.166946415,19,T
1664735345.6529145,628,67140,0,GPS1_Frame,42.340013500000005,-71.0885555,65.0,327951.05794599256,4689641.187139712,19,T
1664735346.6471221,629,67240,0,GPS1_Frame,42.340014000000004,-71.08855633333333,64.9,327950.99065936304,4689641.244347151,19,T
1664735347.6533215,630,67340,0,GPS1_Frame,42.34001433333333,-71.08855700000001,64.8,327950.9366482274,4689641.282710276,19,T
1664735348.651592,631,67440,0,GPS1_Frame,42.34001450000001,-71.08855766666667,64.7,327950.8821825114,4689641.302566329,19,T
1664735349.654359,632,67540,0,GPS1_Frame,42.34001466666667,-71.08855866666666,64.5,327950.8002566503,4689641.323096874,19,T
1664735350.6492927,633,67640,0,GPS1_Frame,42.340015166666674,-71.08855933333332,64.2,327950.7467000999,4689641.379967072,19,T
1664735351.6522627,634,67740,0,GPS1_Frame,42.3400155,-71.08855983333333,64.0,327950.7064190401,4689641.4179929495,19,T
1664735352.648532,635,67840,0,GPS1_Frame,42.340016,-71.08856016666667,63.8,327950.6803226358,4689641.474188656,19,T
1664735353.6484716,636,67940,0,GPS1_Frame,42.340016166666665,-71.08856016666667,63.6,327950.6807772175,4689641.4926957255,19,T
1664735354.6495922,637,68040,0,GPS1_Frame,42.340017,-71.08856033333333,63.3,327950.6693200524,4689641.585568325,19,T
1664735355.6527486,638,68140,0,GPS1_Frame,42.34001750000001,-71.0885605,63.1,327950.65695372433,4689641.641426784,19,T
1664735356.651264,639,68240,0,GPS1_Frame,42.340018166666674,-71.08856083333333,62.9,327950.63131190534,4689641.716129558,19,T
1664735357.6514556,640,68340,0,GPS1_Frame,42.3400185,-71.08856083333333,62.7,327950.63222106884,4689641.753143698,19,T
1664735358.6507978,641,68440,0,GPS1_Frame,42.34001883333334,-71.08856066666667,62.5,327950.6468603052,4689641.789820595,19,T
1664735359.6537318,642,68540,0,GPS1_Frame,42.340019,-71.0885605,62.4,327950.6610449597,4689641.807990417,19,T
1664735360.6523943,643,68640,0,GPS1_Frame,42.34001966666666,-71.08856083333333,62.1,327950.6354031414,4689641.882693193,19,T
1664735361.6502821,644,68740,0,GPS1_Frame,42.34002,-71.08856083333333,62.0,327950.636312305,4689641.919707335,19,T
1664735362.6487663,645,68840,0,GPS1_Frame,42.34002016666667,-71.08856066666667,61.8,327950.6504969592,4689641.93787716,19,T
1664735363.6523979,646,68940,0,GPS1_Frame,42.34002033333333,-71.08856,61.7,327950.7058718329,4689641.955035242,19,T
1664735364.6460643,647,69040,0,GPS1_Frame,42.34002050000001,-71.08855983333333,61.7,327950.720056487,4689641.97320507,19,T
1664735365.6520696,648,69140,0,GPS1_Frame,42.34002033333333,-71.0885595,61.8,327950.7470620503,4689641.954023505,19,T
1664735366.65038,649,69240,0,GPS1_Frame,42.34002050000001,-71.0885595,61.8,327950.74751663185,4689641.972530578,19,T
1664735367.6527283,650,69340,0,GPS1_Frame,42.34002050000001,-71.0885595,61.8,327950.74751663185,4689641.972530578,19,T
1664735368.6513069,651,69440,0,GPS1_Frame,42.34002066666667,-71.08855933333332,61.8,327950.76170128776,4689641.990700401,19,T
1664735369.6538131,652,69540,0,GPS1_Frame,42.340020833333334,-71.08855916666667,61.9,327950.7758859416,4689642.008870227,19,T
1664735370.6527858,653,69640,0,GPS1_Frame,42.34002066666667,-71.08855916666667,62.0,327950.7754313601,4689641.9903631555,19,T
1664735371.6537583,654,69740,0,GPS1_Frame,42.34002066666667,-71.08855966666667,62.1,327950.7342411409,4689641.991374893,19,T
1664735372.6496842,655,69840,0,GPS1_Frame,42.34002050000001,-71.08856,62.2,327950.70632641454,4689641.973542316,19,T
1664735373.6527207,656,69940,0,GPS1_Frame,42.34002050000001,-71.08856016666667,62.3,327950.6925963401,4689641.973879563,19,T
1664735374.6498942,657,70040,0,GPS1_Frame,42.34002050000001,-71.08856066666667,62.3,327950.65140612284,4689641.974891301,19,T
1664735375.6479077,658,70140,0,GPS1_Frame,42.34002033333333,-71.08856116666666,62.3,327950.60976132366,4689641.957395967,19,T
1664735376.6498847,659,70240,0,GPS1_Frame,42.34002050000001,-71.08856166666666,62.3,327950.56902568834,4689641.976914779,19,T
1664735377.649113,660,70340,0,GPS1_Frame,42.340020833333334,-71.08856233333333,62.2,327950.5150145608,4689642.015277905,19,T
1664735378.6484334,661,70440,0,GPS1_Frame,42.34002116666667,-71.08856283333333,62.1,327950.4747335062,4689642.053303787,19,T
1664735379.6530466,662,70540,0,GPS1_Frame,42.34002116666667,-71.08856300000001,62.1,327950.4610034339,4689642.053641033,19,T
1664735380.6488528,663,70640,0,GPS1_Frame,42.34002099999999,-71.08856366666667,62.0,327950.4056285623,4689642.036482948,19,T
1664735381.6525276,664,70740,0,GPS1_Frame,42.34002066666667,-71.08856366666667,62.1,327950.4047193975,4689641.999468807,19,T
1664735382.649226,665,70840,0,GPS1_Frame,42.34002033333333,-71.08856383333334,62.1,327950.3900801602,4689641.962791911,19,T
1664735383.6532414,666,70940,0,GPS1_Frame,42.34002016666667,-71.08856383333334,62.0,327950.3896255777,4689641.944284843,19,T
1664735384.6513207,667,71040,0,GPS1_Frame,42.340019500000004,-71.08856349999999,62.0,327950.4152673932,4689641.869582066,19,T
1664735385.6521933,668,71140,0,GPS1_Frame,42.34001883333334,-71.08856316666667,62.1,327950.4409092093,4689641.794879292,19,T
1664735386.6469946,669,71240,0,GPS1_Frame,42.34001799999999,-71.08856283333333,62.1,327950.4660964437,4689641.701669443,19,T
1664735387.6505053,670,71340,0,GPS1_Frame,42.340017,-71.08856233333333,62.2,327950.50455917214,4689641.589615282,19,T
1664735388.6484466,671,71440,0,GPS1_Frame,42.34001633333334,-71.08856166666666,62.2,327950.5576611392,4689641.514238013,19,T
1664735389.650982,672,71540,0,GPS1_Frame,42.34001566666667,-71.088561,62.2,327950.6107631053,4689641.438860745,19,T
1664735390.6479318,673,71640,0,GPS1_Frame,42.340014833333335,-71.08856033333333,62.3,327950.66341049084,4689641.344976407,19,T
1664735391.6525462,674,71740,0,GPS1_Frame,42.340014000000004,-71.08855933333332,62.3,327950.7435180299,4689641.250417576,19,T
1664735392.6481762,675,71840,0,GPS1_Frame,42.34001333333334,-71.08855833333334,62.5,327950.82408014813,4689641.174365818,19,T
1664735393.6475542,676,71940,0,GPS1_Frame,42.340013,-71.08855650000001,62.5,327950.9742018044,4689641.133641973,19,T
1664735394.652633,677,72040,0,GPS1_Frame,42.34001283333334,-71.08855533333333,62.6,327951.06985774427,4689641.112774185,19,T
1664735395.651272,678,72140,0,GPS1_Frame,42.340012666666674,-71.08855433333333,62.6,327951.1517836106,4689641.092243643,19,T
1664735396.6455443,679,72240,0,GPS1_Frame,42.340012166666675,-71.08855383333334,62.7,327951.1916100923,4689641.035710696,19,T
1664735397.65199,680,72340,0,GPS1_Frame,42.340012333333334,-71.08855333333332,62.7,327951.2332548972,4689641.05320603,19,T
1664735398.649475,681,72440,0,GPS1_Frame,42.340012666666674,-71.08855266666666,62.7,327951.2890843559,4689641.088871192,19,T
1664735399.6534271,682,66600,0,GPS1_Frame,42.34001283333334,-71.08855233333334,62.8,327951.316999082,4689641.106703772,19,T
1664735400.6504667,683,66700,0,GPS1_Frame,42.34001316666666,-71.08855216666666,62.8,327951.3316383178,4689641.143380667,19,T
1664735401.650371,684,66800,0,GPS1_Frame,42.340013666666664,-71.08855216666666,62.9,327951.33300205733,4689641.19890188,19,T
1664735402.649099,685,66900,0,GPS1_Frame,42.34001416666667,-71.08855266666666,62.9,327951.29317557556,4689641.255434826,19,T
1664735403.65095,686,67000,0,GPS1_Frame,42.34001466666667,-71.08855316666667,63.0,327951.2533490902,4689641.311967772,19,T
1664735404.644283,687,67100,0,GPS1_Frame,42.340015166666674,-71.08855366666667,62.9,327951.2135226098,4689641.368500721,19,T
1664735405.6504817,688,67200,0,GPS1_Frame,42.34001566666667,-71.08855416666667,63.0,327951.17369612993,4689641.425033668,19,T
1664735406.646255,689,67300,0,GPS1_Frame,42.34001633333334,-71.08855466666667,62.9,327951.1343242313,4689641.500073687,19,T
1664735407.6500084,690,67400,0,GPS1_Frame,42.340017,-71.08855516666667,62.9,327951.0949523313,4689641.575113705,19,T
1664735408.6489844,691,67500,0,GPS1_Frame,42.34001750000001,-71.08855583333334,62.8,327951.0413957786,4689641.6319838995,19,T
1664735409.6490781,692,67600,0,GPS1_Frame,42.340017833333334,-71.08855633333333,62.9,327951.00111472094,4689641.670009775,19,T
1664735410.6484401,693,67700,0,GPS1_Frame,42.340018166666674,-71.08855666666666,63.0,327950.9745637367,4689641.707698409,19,T
1664735411.6488972,694,67800,0,GPS1_Frame,42.34001833333333,-71.08855683333333,63.1,327950.9612882447,4689641.726542725,19,T
1664735412.6515021,695,67900,0,GPS1_Frame,42.34001883333334,-71.08855700000001,63.1,327950.9489219126,4689641.782401183,19,T
1664735413.6537888,696,68000,0,GPS1_Frame,42.34001883333334,-71.08855716666667,63.1,327950.9351918398,4689641.782738429,19,T
1664735414.6510277,697,68100,0,GPS1_Frame,42.34001866666667,-71.08855716666667,63.1,327950.9347372588,4689641.764231357,19,T
1664735415.649539,698,68200,0,GPS1_Frame,42.34001866666667,-71.08855700000001,63.1,327950.9484673316,4689641.763894111,19,T
1664735416.6496475,699,68300,0,GPS1_Frame,42.3400185,-71.08855666666666,63.1,327950.97547289846,4689641.744712549,19,T
1664735417.6515431,700,68400,0,GPS1_Frame,42.34001799999999,-71.08855633333333,63.2,327951.0015693017,4689641.688516845,19,T
1664735418.6496236,701,68500,0,GPS1_Frame,42.34001750000001,-71.0885555,63.2,327951.0688559268,4689641.631309409,19,T
1664735419.6523957,702,68600,0,GPS1_Frame,42.34001750000001,-71.08855483333333,63.1,327951.1237762212,4689641.629960427,19,T
1664735420.652306,703,68700,0,GPS1_Frame,42.34001750000001,-71.08855416666667,63.0,327951.1786965134,4689641.628611446,19,T
1664735421.6521046,704,68800,0,GPS1_Frame,42.34001733333333,-71.08855383333334,63.0,327951.2057020792,4689641.609429883,19,T
1664735422.6458929,705,68900,0,GPS1_Frame,42.34001666666666,-71.08855383333334,63.1,327951.2038837583,4689641.5354015995,19,T
1664735423.6511016,706,69000,0,GPS1_Frame,42.34001633333334,-71.08855333333332,63.1,327951.2441648199,4689641.497375725,19,T
1664735424.6519003,707,69100,0,GPS1_Frame,42.340016166666665,-71.08855266666666,63.0,327951.29863053525,4689641.477519673,19,T
1664735425.6523674,708,69200,0,GPS1_Frame,42.340016166666665,-71.08855233333334,62.8,327951.32609067985,4689641.476845183,19,T
1664735426.6507335,709,69300,0,GPS1_Frame,42.340016166666665,-71.08855199999999,62.6,327951.35355082864,4689641.476170694,19,T
1664735427.6511238,710,69400,0,GPS1_Frame,42.340016,-71.08855216666666,62.4,327951.3393661754,4689641.458000869,19,T
1664735428.650777,711,69500,0,GPS1_Frame,42.340016,-71.08855183333334,62.3,327951.36682632216,4689641.45732638,19,T
1664735429.6512556,712,69600,0,GPS1_Frame,42.34001583333334,-71.08855133333333,62.2,327951.4075619627,4689641.437807573,19,T
1664735430.6523352,713,69700,0,GPS1_Frame,42.3400155,-71.08855100000001,62.1,327951.4341129503,4689641.400118941,19,T
1664735431.6532776,714,69800,0,GPS1_Frame,42.340014999999994,-71.08855083333333,62.1,327951.4464792871,4689641.344260487,19,T
1664735432.6494963,715,69900,0,GPS1_Frame,42.34001416666667,-71.08855083333333,62.1,327951.4442063893,4689641.2517251335,19,T
1664735433.6482322,716,70000,0,GPS1_Frame,42.340013500000005,-71.08855050000001,62.1,327951.46984821686,4689641.177022362,19,T
1664735434.6497939,717,70100,0,GPS1_Frame,42.34001249999999,-71.08855033333333,62.1,327951.4808508161,4689641.065642692,19,T
1664735435.650612,718,70200,0,GPS1_Frame,42.34001150000001,-71.08855050000001,62.2,327951.4643932631,4689640.954937516,19,T
1664735436.648558,719,70300,0,GPS1_Frame,42.3400105,-71.08855050000001,62.2,327951.46166578634,4689640.843895091,19,T
1664735437.654799,720,70400,0,GPS1_Frame,42.34000983333333,-71.08855083333333,62.2,327951.432387321,4689640.770541297,19,T
1664735438.6512241,721,70500,0,GPS1_Frame,42.340009333333334,-71.08855116666668,62.2,327951.40356343077,4689640.7156945765,19,T
1664735439.6517088,722,70600,0,GPS1_Frame,42.340008999999995,-71.08855133333333,62.3,327951.3889241966,4689640.679017678,19,T
1664735440.6493423,723,70700,0,GPS1_Frame,42.34000883333333,-71.08855133333333,62.3,327951.388469617,4689640.660510606,19,T
1664735441.6522803,724,70800,0,GPS1_Frame,42.340008166666664,-71.08855183333334,62.4,327951.34546107316,4689640.5874940595,19,T
1664735442.6517558,725,70900,0,GPS1_Frame,42.340008000000005,-71.08855216666666,62.5,327951.3175463432,4689640.569661479,19,T
1664735443.6533685,726,71000,0,GPS1_Frame,42.340007833333324,-71.08855266666666,62.4,327951.27590153785,4689640.5521661425,19,T
1664735444.647083,727,71100,0,GPS1_Frame,42.34000733333334,-71.08855283333334,62.6,327951.26080771873,4689640.496982177,19,T
1664735445.6524365,728,71200,0,GPS1_Frame,42.340006666666675,-71.088553,62.7,327951.2452593235,4689640.423291139,19,T
1664735446.6481016,729,71300,0,GPS1_Frame,42.340006333333335,-71.088553,62.7,327951.2443501636,4689640.386276998,19,T
1664735447.652043,730,71400,0,GPS1_Frame,42.34000566666667,-71.08855333333332,62.8,327951.2150716945,4689640.312923206,19,T
1664735448.6497617,731,71500,0,GPS1_Frame,42.340005166666664,-71.08855316666667,62.8,327951.227438028,4689640.257064748,19,T
1664735449.6513245,732,71600,0,GPS1_Frame,42.34000433333334,-71.08855316666667,62.8,327951.2251651281,4689640.164529396,19,T
1664735450.650262,733,71700,0,GPS1_Frame,42.340003666666675,-71.08855266666666,62.8,327951.2645370406,4689640.089489379,19,T
1664735451.6472275,734,71800,0,GPS1_Frame,42.34000316666667,-71.08855283333334,62.8,327951.2494432206,4689640.034305412,19,T
1664735452.6494448,735,71900,0,GPS1_Frame,42.34000283333333,-71.088553,62.8,327951.2348039845,4689639.9976285165,19,T
1664735453.651427,736,72000,0,GPS1_Frame,42.340002166666665,-71.08855333333332,62.8,327951.2055255141,4689639.924274724,19,T
1664735454.6516511,737,72100,0,GPS1_Frame,42.3400015,-71.08855366666667,62.8,327951.1762470389,4689639.850920931,19,T
1664735455.64991,738,72200,0,GPS1_Frame,42.340000666666675,-71.088554,62.8,327951.1465139851,4689639.75906007,19,T
1664735456.6494043,739,72300,0,GPS1_Frame,42.339999999999996,-71.0885545,62.9,327951.1035054339,4689639.686043522,19,T
1664735457.652403,740,72400,0,GPS1_Frame,42.339999166666665,-71.08855466666667,62.9,327951.08750245563,4689639.593845415,19,T
1664735458.650073,741,72500,0,GPS1_Frame,42.33999816666666,-71.08855516666667,63.1,327951.04358474014,4689639.483814727,19,T
1664735459.6517067,742,66660,0,GPS1_Frame,42.33999716666667,-71.08855566666666,63.2,327950.9996670233,4689639.37378404,19,T
1664735460.650664,743,66760,0,GPS1_Frame,42.339996000000006,-71.088556,63.3,327950.96902480465,4689639.244909038,19,T
1664735461.6508904,744,66860,0,GPS1_Frame,42.339994833333336,-71.08855666666666,63.4,327950.9109224288,4689639.116708525,19,T
1664735462.6436036,745,66960,0,GPS1_Frame,42.33999383333333,-71.08855733333333,63.6,327950.853274632,4689639.007015085,19,T
1664735463.650875,746,67060,0,GPS1_Frame,42.339992833333326,-71.08855766666667,63.7,327950.8230869861,4689638.8966471525,19,T
1664735464.64644,747,67160,0,GPS1_Frame,42.339991833333336,-71.08855833333334,63.8,327950.7654391863,4689638.786953713,19,T
1664735465.652292,748,67260,0,GPS1_Frame,42.33999083333333,-71.08855883333334,63.9,327950.72152146365,4689638.676923027,19,T
1664735466.6519754,749,67360,0,GPS1_Frame,42.33999016666667,-71.08855883333334,63.9,327950.7197031393,4689638.602894745,19,T
1664735467.65219,750,67460,0,GPS1_Frame,42.33998983333333,-71.0885595,63.9,327950.6638736586,4689638.567229588,19,T
1664735468.6491814,751,67560,0,GPS1_Frame,42.33998933333334,-71.08856033333333,63.9,327950.5938595168,4689638.513394609,19,T
1664735469.6521363,752,67660,0,GPS1_Frame,42.33998883333334,-71.088561,63.9,327950.53757545527,4689638.459222381,19,T
1664735470.647799,753,67760,0,GPS1_Frame,42.33998866666668,-71.088561,64.0,327950.5371208737,4689638.440715311,19,T
1664735471.652016,754,67860,0,GPS1_Frame,42.33998799999999,-71.088561,64.1,327950.53530254745,4689638.366687026,19,T
